79.9;11.9;83.87;73.81;32.81;1464.68;92.85;100;0;55.96427624;8.983995048;15.25333805;53.47952958;0.874;0.48;1.19;6.94;9244.837376;152.8968943
79.9;11.9;83.87;73.81;32.81;1464.68;92.85;100;0;55.46457814;10.92915628;15.16553934;53.82698469;0.874;0.48;1.19;6.94;8194.102603;97.39557547
79.9;11.9;83.87;73.81;32.81;1464.68;92.85;100;0;55.09065551;11.9944212;12.55230126;54.81171548;0.874;0.48;1.19;6.94;9160.376499;109.1563493
72.97;10.08;52.41;32.33;3.24;388.58;92.6;99.61;1.37;52.68120212;11.34354744;24.33706541;48.43842074;0.684;13.63;14.26;40.46;15576.31956;96.667981
69.92;9.59;48.39;25.38;1.31;318.63;88.84;97.92;4.04;51.3143267;3.360229514;28.16568047;42.23776224;0.641;14.98;24.39;50.99;5745.392909;67.49224418
69.9;10.48;45.37;24.03;1.38;318.38;89.47;97.62;2.24;51.37405006;4.600605734;25.75298686;42.21371635;0.642;15.53;21.16;52.53;24015.08936;76.17504614
71.42;10.05;55.75;34.16;2.52;359.63;95.64;99.71;1.28;53.32747639;7.533494399;23.12760817;43.99297167;0.675;11.7;18.02;54.16;40417.59462;90.17097224
69.53;10.09;46.21;27.48;1.8;311.98;87.56;98.51;0.69;52.09843874;4.996030696;25.71050542;44.12278381;0.637;17.63;20.93;54.22;18623.98188;63.71552462
71.09;9.5;50.31;30.39;1.33;356.34;91.92;99.86;2.14;52.77576854;4.72875226;23.97830018;48.5443038;0.663;15.35;23.49;50.49;19270.63689;88.41252705
73.7;10.7;58.76;37.15;6.33;464.38;90.94;100;0.74;53.23487646;7.188298779;20.89463221;48.56574837;0.725;6.6;12.32;35.15;18563.34308;85.31931141
74.62;10.24;55.81;35.46;7.27;527.09;94.21;98.63;0.38;52.86611952;6.222749423;21.86137471;47.73980508;0.717;13.16;16.7;36.55;12670.08783;94.00609274
71.09;9.5;50.31;30.39;1.33;356.34;91.92;99.86;2.14;52.64957265;3.418803419;26.83760684;47.69230769;0.663;15.35;23.49;50.49;11291.6948;78.0212709
74.54;10.73;61.77;43.06;5.55;518.1;89.48;99.79;0.66;53.33991445;6.989141165;21.05955907;50.02303389;0.731;5.65;7.19;30.07;20119.29492;62.73919061
76.9;11.26;72.41;58.08;13.67;769.12;95.78;100;0.14;55.05201483;8.716967595;18.07963649;53.10295349;0.788;3.46;6.17;18.08;11482.56904;89.83130139
78.85;10.63;76.42;63.54;20.41;974.09;98.22;99.22;0.31;54.35684647;4.445761707;16.53823355;53.82335507;0.811;3.45;4.13;18.67;47289.80104;81.6807827
79.38;11.56;80.43;67.1;26.98;1356.61;98.89;98.55;0.2;56.02750809;7.564724919;17.03074434;51.13268608;0.85;4.51;3.72;14.57;8538.466892;139.3025781
79.38;11.56;80.43;67.1;26.98;1356.61;98.89;98.55;0.2;55.96330275;13.28885182;13.53906033;54.08673895;0.85;4.51;3.72;14.57;11326.34984;141.8764628
78.28;10.89;71.98;56.59;15.69;858.7;97.35;99.67;0;55.39826986;10.09998877;15.67239636;53.18503539;0.797;3.07;4.62;18.24;14518.74799;103.2973298
75.74;10.08;65.29;50.64;8.97;672.11;96.33;99.46;0;54.33287483;8.807886291;19.19761577;46.81338835;0.764;6.75;10.28;30.34;15061.55372;99.16982513
73.02;10.01;49.9;32.53;2.62;392.26;91.71;98.99;1.01;53.21119103;7.447471258;22.03658606;44.88588095;0.678;8.85;16.7;41.67;28685.88952;83.81264305
73.32;9.84;51.24;31.97;4.98;414.51;90.48;93.75;4.81;52.29747676;7.118193891;23.87782205;49.93359894;0.68;11.25;17.32;43.72;7982.921442;101.9302328
76.29;10.11;65.11;50.09;14.02;728.95;93.65;99.13;0.32;54.55770094;7.409070498;18.94925909;53.83924562;0.753;7.71;7.94;24.33;6149.680133;91.83745115
74.3;10.77;58.28;39.83;5.78;509.3;96.42;99.33;0.1;53.49264706;8.582261029;19.7265625;49.79319853;0.72;9.43;9.94;32.29;20099.59701;139.8177846
73.44;10.95;56.78;37.72;3.64;434;98.2;99.76;0.51;53.13609467;8.047337278;22.24852071;49.58579882;0.704;8.78;14.34;37.45;25369.2936;106.292987
76.9;11.26;72.41;58.08;13.67;769.12;95.78;100;0.14;53.93124694;8.29657635;18.16145068;53.56717776;0.788;3.46;6.17;18.08;16579.21376;114.4774009
74.58;9.81;38.04;22.1;1.54;572.28;94.25;100;0.16;51.46834961;4.427248509;25.15856907;36.70239756;0.675;19.03;18.33;46.52;21304.17719;103.0862217
68.31;9.08;30.54;15.14;1.28;251.09;93.53;93.88;1.42;51.40700069;2.196293754;31.15991764;39.39601922;0.582;27.03;32.11;65.89;11406.35361;200.3894382
69.68;9;39.35;20.65;1.5;312.19;90.64;92.62;3.49;51.85298155;5.475064816;24.56916273;41.75690102;0.624;18.96;23.11;53.03;30464.10482;120.76622
70.92;10.06;41.25;20.34;1.34;340.4;93.55;99.38;3.35;51.25953465;5.365040703;25.10095507;45.20223063;0.639;17.96;17.65;53.47;7786.490709;90.98930872
75.7;10.49;59.8;36.16;6.17;596.66;95.85;100;1.54;52.36275191;5.837387074;22.11605281;48.12369701;0.749;5.69;8.28;29.48;16481.14092;100.7649641
79.9;11.9;83.87;73.81;32.81;1464.68;92.85;100;0;52.58493353;5.612998523;23.19054653;45.79025111;0.874;0.48;1.19;6.94;23825.88955;91.51187539
80.78;11.94;90.63;83.11;55.37;3335.12;99.07;99.71;0;55.34531383;8.257362104;15.34072277;55.92247655;0.921;0.18;0.8;2.84;6314.677134;163.3776162
81.24;12.12;94.53;88.44;61.06;4748.58;98.61;100;0;57.67825188;13.12599239;11.62134234;55.88124102;0.945;0;0.17;0.5;11006.43261;200.5758791
81.27;11.98;90.72;84.22;55.52;4958.86;95.81;99.89;1.35;56.15581182;12.05936312;11.64329708;55.26470974;0.937;0.07;1.43;3.58;12893.83153;257.5189375
80.2;11.79;86.12;78.38;45.61;2552.7;98.29;99.82;0.06;57.59060451;12.97643922;11.99293897;53.58094964;0.898;0.69;1.12;4.68;9779.943433;160.2462608
72.97;10.08;52.41;32.33;3.24;388.58;92.6;99.61;1.37;53.06122449;10.38961039;19.10946197;52.50463822;0.684;13.63;14.26;40.46;14239.71958;117.8393347
78.85;10.63;76.42;63.54;20.41;974.09;98.22;99.22;0.31;56.37341244;10.92982294;14.65653101;55.43710021;0.811;3.45;4.13;18.67;12781.21266;136.5330087
73.69;9.83;49.03;27.96;4.06;460.81;93.12;97.09;2.65;53.30444204;6.879739978;23.07692308;49.02491874;0.688;11.85;14.93;40.56;72160.89957;99.825662
77.3;10.86;71.66;53.31;15.27;879.83;96.95;99.69;0.99;53.3632287;9.304932735;17.00298954;53.43796712;0.8;4.25;5.75;22.2;30514.76875;205.2455615
80.69;11.96;87.37;77.71;46.58;2898.02;98.63;99.92;0.44;56.36057287;11.94421043;12.46840775;56.96901619;0.915;1.84;1.43;6.67;8693.052958;184.9267797
73.32;9.84;51.24;31.97;4.98;414.51;90.48;93.75;4.81;51.00424874;2.945152569;28.05137119;45.94438007;0.68;11.25;17.32;43.72;2918.97022;97.64398908
75.24;11.11;69.37;52.84;9.16;562.07;93.32;99.93;1.03;50.54432348;4.821150855;19.12908243;50.23328149;0.753;3.06;4.66;21.97;15707.55935;164.349896
80.13;10.88;82.41;73.55;41.05;2495.46;94.4;100;0;54.42876966;10.24514339;15.52960222;54.5906568;0.869;1.73;2.42;11.68;10800.70269;150.6549613
79.11;10.77;79.43;65.95;21.37;1100.12;98.72;98.41;1.15;50.65963061;5.408970976;20.9762533;48.41688654;0.828;2.01;3.34;11.59;1009.380687;113.8592414
80.13;10.88;82.41;73.55;41.05;2495.46;94.4;100;0;53.01204819;7.705239563;16.6152984;53.65648641;0.869;1.73;2.42;11.68;2101.555799;101.9269959
79.11;10.77;79.43;65.95;21.37;1100.12;98.72;98.41;1.15;55.9767625;10.33871603;15.97085467;52.90468688;0.828;2.01;3.34;11.59;1932.037115;121.2271212
76.02;11.12;65.68;50.66;12.65;690.18;93.11;98.53;3.1;53.06447334;9.180153887;18.46643672;53.96656938;0.764;5.36;10.22;20.8;16479.00416;213.5886037
80.13;10.88;82.41;73.55;41.05;2495.46;94.4;100;0;56.04228514;9.984794729;14.25675186;55.65129245;0.869;1.73;2.42;11.68;14946.33629;171.4664783
80.69;11.96;87.37;77.71;46.58;2898.02;98.63;99.92;0.44;54.31392348;6.563446651;18.57960283;51.73342309;0.915;1.84;1.43;6.67;2886.733447;178.0748827
80.69;11.96;87.37;77.71;46.58;2898.02;98.63;99.92;0.44;55.08141494;7.38349242;16.05839416;53.80404267;0.915;1.84;1.43;6.67;4632.141379;244.1097896
75.65;10.45;59.87;41;6.88;624.52;99.39;99.8;0.61;54.67526485;9.85720866;19.11561492;50.02303086;0.752;5.7;10.24;31.47;9350.83763;160.2954495
79.91;11.71;81.7;69.13;30.63;1591.4;98.97;100;0.19;56.25464822;13.05964599;12.76215975;54.11274729;0.874;1.31;2.7;8.51;9480.637707;148.8290145
78.85;10.63;76.42;63.54;20.41;974.09;98.22;99.22;0.31;55.74099504;11.48199007;15.58043731;54.61075314;0.811;3.45;4.13;18.67;15925.01646;132.6348351
78.1;11.75;68.56;54.72;17.61;957.86;94.78;99.66;0.07;52.83218634;5.2541027;23.54420328;45.77818952;0.809;5.99;5.19;22.9;2175.538769;101.55125
80.13;10.88;82.41;73.55;41.05;2495.46;94.4;100;0;52.31958763;2.319587629;16.62371134;53.99484536;0.869;1.73;2.42;11.68;50216.00973;150.1139037
79.91;11.71;81.7;69.13;30.63;1591.4;98.97;100;0.19;57.03977473;7.778951074;12.86518831;53.5374868;0.874;1.31;2.7;8.51;11821.01631;151.512772
79.34;11.91;81.23;71.63;29.3;1349.46;94.67;100;0;56.54355342;13.29791719;13.01121511;52.6730753;0.85;1.42;3.2;9.38;8381.946974;136.3350539
78.1;11.75;68.56;54.72;17.61;957.86;94.78;99.66;0.07;55.0353322;10.65887648;16.70680194;50.3138447;0.809;5.99;5.19;22.9;12868.81965;122.2187699
79.11;10.77;79.43;65.95;21.37;1100.12;98.72;98.41;1.15;55.55555556;10.49610496;15.33415334;52.31652317;0.828;2.01;3.34;11.59;10118.41646;102.679653
79.81;11.14;82.16;70.66;28.5;1426.89;98.38;99.86;0.97;54.28384565;10.66056246;13.14584696;56.11510791;0.853;1.8;4.04;9.75;13428.86276;119.5667934
78.85;10.63;76.42;63.54;20.41;974.09;98.22;99.22;0.31;54.04797601;3.148425787;22.7886057;49.40029985;0.811;3.45;4.13;18.67;55945.22434;90.36445946
79.9;11.9;83.87;73.81;32.81;1464.68;92.85;100;0;56.64556962;3.955696203;15.18987342;53.9556962;0.874;0.48;1.19;6.94;221727.2341;90.44763025
78.87;11.44;80.19;64.83;21.87;978.33;100;99.02;0;54.74209651;4.159733777;19.46755408;50.08319468;0.826;2.65;3.14;13.15;44244.29891;154.0655893
71.42;10.05;55.75;34.16;2.52;359.63;95.64;99.71;1.28;51.61997564;4.3727162;26.49817296;41.56516443;0.675;11.7;18.02;54.16;25460.57826;90.051804
75.87;11.06;63.97;44;8.86;607.22;98.07;100;0.52;53.95376525;9.167576148;18.36491715;45.84780236;0.761;5.49;6.44;24.12;15150.15636;105.6235512
69.2;9.68;43.66;26.75;1.53;304.86;95.16;99.64;0.58;51.49077444;4.679818681;25.49639277;44.83176914;0.638;17.25;21.54;54.73;20845.22821;91.41123688
69.53;10.09;46.21;27.48;1.8;311.98;87.56;98.51;0.69;51.91550952;3.998371704;25.61852639;43.74236736;0.637;17.63;20.93;54.22;14282.93104;75.77952014
72.24;9.74;49.34;28.17;1.69;370.81;96.4;99.03;1;52.34849192;4.337473153;23.31216734;47.28732842;0.667;12.7;17.25;42.89;27634.79868;103.3374305
72.69;10.16;50.43;31.09;3.15;379.89;97.56;98.78;0.67;52.92550749;5.514221855;23.45304798;46.3855975;0.687;12.1;15.27;42.01;16491.51491;103.3691457
74.9;10.66;63.07;44.58;8.12;555.83;96.19;100;0.69;53.5752203;7.601656227;19.85614184;48.61715681;0.742;6.31;10.19;28.8;15808.77175;105.357769
76.66;10.85;70.82;52.59;9.69;687.05;98.06;100;0.25;53.82199866;8.167359637;18.57645451;50.49283284;0.785;2.02;5.85;22.13;10027.8574;116.7402876
74.3;10.77;58.28;39.83;5.78;509.3;96.42;99.33;0.1;53.83375547;6.49320746;22.21966383;47.84711029;0.72;9.43;9.94;32.29;17593.39137;101.6308713
71.09;9.5;50.31;30.39;1.33;356.34;91.92;99.86;2.14;51.86972256;2.412545235;25.57297949;46.56212304;0.663;15.35;23.49;50.49;18184.36667;107.3566395
71.09;9.5;50.31;30.39;1.33;356.34;91.92;99.86;2.14;50;4.319852941;24.72426471;47.61029412;0.663;15.35;23.49;50.49;39204.08925;93.40176471
72.97;10.08;52.41;32.33;3.24;388.58;92.6;99.61;1.37;53.74358974;5.538461538;22.90598291;48.1025641;0.684;13.63;14.26;40.46;16167.0182;95.75121014
72.97;10.08;52.41;32.33;3.24;388.58;92.6;99.61;1.37;53.77041585;6.868991081;21.62631762;49.75095564;0.684;13.63;14.26;40.46;32134.35261;99.15111361
76.28;10.62;67.21;51.99;10.99;639.18;96.71;100;0;53.79322602;7.00756614;19.34189814;51.62494287;0.764;5.84;7.14;23.23;13333.83159;83.08112285
75.24;11.11;69.37;52.84;9.16;562.07;93.32;99.93;1.03;54.68137611;8.172448831;19.16823922;51.68384381;0.753;3.06;4.66;21.97;12408.26183;100.4390233
75.74;10.08;65.29;50.64;8.97;672.11;96.33;99.46;0;52.82541975;5.777216104;21.88120599;44.6109406;0.764;6.75;10.28;30.34;2894.933291;131.3230284
79.81;11.14;82.16;70.66;28.5;1426.89;98.38;99.86;0.97;55.34370296;11.48304781;16.07770052;53.73808329;0.853;1.8;4.04;9.75;10358.15986;140.8089927
80.04;12.76;89.22;80.94;46.47;2129.84;97.98;100;0.14;56.42299054;11.59333186;12.51383924;51.80780059;0.898;0.62;1.55;5.14;7380.899986;164.7197255
79.9;11.9;83.87;73.81;32.81;1464.68;92.85;100;0;54.16276894;9.120673527;15.90271282;52.7595884;0.874;0.48;1.19;6.94;1139.943469;134.1994793
74.83;9.73;62.2;43.42;6.32;551.3;95.85;98.91;1.61;53.15565032;6.460554371;20.7249467;49.40298507;0.731;7.43;8.97;31.35;1645.216633;129.3017358
75.74;10.08;65.29;50.64;8.97;672.11;96.33;99.46;0;54.21863536;4.988994864;8.950843727;55.53925165;0.764;6.75;10.28;30.34;29388.30391;157.0446544
70.92;10.06;41.25;20.34;1.34;340.4;93.55;99.38;3.35;54.58207452;5.941591138;22.4572004;47.93554884;0.639;17.96;17.65;53.47;19725.99892;167.8625971
71.42;10.05;55.75;34.16;2.52;359.63;95.64;99.71;1.28;53.52593973;3.355079217;29.07735322;39.70177074;0.675;11.7;18.02;54.16;41321.54862;119.7900347
70.92;10.06;41.25;20.34;1.34;340.4;93.55;99.38;3.35;51.78197065;3.114705001;26.11560347;43.90536089;0.639;17.96;17.65;53.47;34672.65776;104.8320332
73.69;9.83;49.03;27.96;4.06;460.81;93.12;97.09;2.65;54.49438202;6.988764045;22.17977528;48.96629213;0.688;11.85;14.93;40.56;15563.91796;111.5938605
78.87;11.44;80.19;64.83;21.87;978.33;100;99.02;0;56.91811979;12.31993935;11.3343442;55.43972707;0.826;2.65;3.14;13.15;9845.21047;148.7804162
77.26;11.87;70.8;52.8;14.63;727.05;96.15;100;0;55.78211892;10.76928561;16.04520177;50.96962783;0.788;2.22;7.06;20.33;14717.51958;131.0388005
69.68;9;39.35;20.65;1.5;312.19;90.64;92.62;3.49;51.07153637;7.304557803;25.26411108;40.71838213;0.624;18.96;23.11;53.03;19406.32633;72.579312
75.96;10.97;62.76;46.9;7.87;612.14;94.55;99.8;1.14;54.01945466;8.72939872;18.78937554;50.96013306;0.749;6.61;8.56;26.58;14488.93629;118.3458433
79.38;11.56;80.43;67.1;26.98;1356.61;98.89;98.55;0.2;56.13660619;8.537886873;15.14289102;52.78074232;0.85;4.51;3.72;14.57;10561.45028;134.7786912
73.69;9.83;49.03;27.96;4.06;460.81;93.12;97.09;2.65;51.52093454;4.973398103;24.13254684;47.24728198;0.688;11.85;14.93;40.56;14179.31349;104.1390473
75.96;10.97;62.76;46.9;7.87;612.14;94.55;99.8;1.14;51.82935717;4.717943735;21.26232933;48.85574073;0.749;6.61;8.56;26.58;10725.78119;123.5971923
75.7;10.49;59.8;36.16;6.17;596.66;95.85;100;1.54;53.67225698;7.791388465;18.91067767;50.71762788;0.749;5.69;8.28;29.48;13994.55218;119.4968937
79.11;10.77;79.43;65.95;21.37;1100.12;98.72;98.41;1.15;54.48441247;7.913669065;16.32294165;51.91047162;0.828;2.01;3.34;11.59;6666.343698;171.0985342
76.83;11.05;60.05;38.66;9.05;687.52;98.07;98.22;0.38;53.82983093;7.868437265;19.22102813;51.15339859;0.769;6.41;5.48;26.58;12161.13033;112.1500666
68.31;9.08;30.54;15.14;1.28;251.09;93.53;93.88;1.42;51.25858124;7.09382151;26.77345538;41.64759725;0.582;27.03;32.11;65.89;18098.94032;154.6500778
73.69;9.83;49.03;27.96;4.06;460.81;93.12;97.09;2.65;54.63743676;7.757166948;23.10286678;47.8920742;0.688;11.85;14.93;40.56;48016.8514;155.4174426
74.3;10.77;58.28;39.83;5.78;509.3;96.42;99.33;0.1;55.83501006;9.154929577;20.22132797;49.79879276;0.72;9.43;9.94;32.29;13539.41762;133.328881
76.02;11.12;65.68;50.66;12.65;690.18;93.11;98.53;3.1;53.73939091;8.267598602;17.72341488;54.32850724;0.764;5.36;10.22;20.8;9127.742467;158.9954503
79.11;10.77;79.43;65.95;21.37;1100.12;98.72;98.41;1.15;55.72005384;7.779273217;14.15881561;53.2166891;0.828;2.01;3.34;11.59;7971.480117;140.9405099
79.34;11.91;81.23;71.63;29.3;1349.46;94.67;100;0;56.72029061;7.005708355;15.81041342;50.80435911;0.85;1.42;3.2;9.38;13412.67226;115.2075856
78.28;10.89;71.98;56.59;15.69;858.7;97.35;99.67;0;55.55865922;11.2849162;14.66480447;53.99441341;0.797;3.07;4.62;18.24;11437.64324;145.6594566
79.9;11.9;83.87;73.81;32.81;1464.68;92.85;100;0;57.57959479;12.97033285;12.37337192;56.16859624;0.874;0.48;1.19;6.94;8241.402302;138.0374757
78.87;11.44;80.19;64.83;21.87;978.33;100;99.02;0;53.3752357;5.499685732;18.78064111;50.3079824;0.826;2.65;3.14;13.15;6440.731868;131.0474415
70.89;9.73;38.51;19.22;1.67;337.34;93.87;97.48;1.08;51.33345539;3.243622605;27.10545588;44.66312706;0.64;21.2;20.89;54.18;19025.31182;97.02617797
76.11;11.46;71.97;56.25;8.57;613.75;99.7;100;0;53.73701476;7.889557135;17.47129579;51.738655;0.78;2.25;5.34;18.34;12177.66182;112.6120399
70.84;9.77;40.09;24.17;2.05;336.3;96.53;97.24;0.68;51.64089579;5.309865041;26.3895376;44.99373141;0.64;19.86;23.52;54.59;15733.36478;104.5589635
69.49;9.43;45.31;23.76;1.9;311.48;91.8;96.97;3.62;51.20725357;4.177640176;26.69025552;43.9597113;0.632;15.38;21.62;53.59;11593.51326;107.7810294
70.76;9.55;45.8;26.09;2.12;332.23;96.48;99.37;0.89;51.74286436;5.029679212;25.39467037;41.66456176;0.643;15.41;19.05;49.97;16461.35778;104.499236
69.68;9;39.35;20.65;1.5;312.19;90.64;92.62;3.49;51.72748646;3.88939998;28.03332311;38.7406726;0.624;18.96;23.11;53.03;11777.11627;96.92357149
68.31;9.08;30.54;15.14;1.28;251.09;93.53;93.88;1.42;50.64727273;3.505454545;31.34545455;38.32727273;0.582;27.03;32.11;65.89;3843.384754;31.39247944
71.09;9.5;50.31;30.39;1.33;356.34;91.92;99.86;2.14;51.48999574;4.810557684;26.86249468;46.06215411;0.663;15.35;23.49;50.49;8670.987166;103.6854874
74.3;10.77;58.28;39.83;5.78;509.3;96.42;99.33;0.1;50.95699727;3.206562267;25.950783;45.16529953;0.72;9.43;9.94;32.29;1914.60392;95.51609509
74.21;9.89;53.74;35.96;6.2;495.57;97.9;98.66;0.37;51.38121547;3.20441989;25.19337017;47.18232044;0.712;10.43;11.22;33.14;16845.09469;32.01459132
75.74;10.08;65.29;50.64;8.97;672.11;96.33;99.46;0;51.98889917;4.486586494;19.56521739;46.90101758;0.764;6.75;10.28;30.34;5055.742106;88.43932551
75.7;10.49;59.8;36.16;6.17;596.66;95.85;100;1.54;53.67437441;5.859993665;18.64111498;51.01362053;0.749;5.69;8.28;29.48;16629.16247;105.8415628
76.24;11.26;72.43;54.68;11.13;733.62;97.45;98.99;0.18;52.9454023;4.003396029;21.49947753;51.78944619;0.781;5.99;8.73;23.15;8467.760843;115.0031189
76.69;12.07;69.2;51.12;7.75;699.33;98.11;100;0.45;54.09777021;9.354638028;18.70927606;51.03631184;0.776;3.47;6.12;22.21;9849.507666;123.8456201
76.96;10.93;74.22;59.19;14.88;791.11;97.66;97.96;1.14;53.42672414;4.375;20.625;50.90517241;0.792;2.34;6.67;19.61;13261.43665;141.3188004
74.21;9.89;53.74;35.96;6.2;495.57;97.9;98.66;0.37;52.25606776;5.359179019;22.31633817;49.27512624;0.712;10.43;11.22;33.14;15147.40778;134.9361282
75.24;11.11;69.37;52.84;9.16;562.07;93.32;99.93;1.03;53.87117384;5.732706046;18.96381483;51.78602544;0.753;3.06;4.66;21.97;14447.22534;89.17710576
77.9;10.93;74.22;59.19;14.88;791.11;97.66;97.96;1.14;51.85185185;2.832244009;15.90413943;55.33769063;0.796;2.34;6.67;19.61;6802.698101;97.79467307
70.99;9.69;42.92;21.67;1.74;348.29;89.32;95.5;5.06;51.1258626;3.383557392;26.89892309;43.93848946;0.642;18.14;17.52;52.19;10926.59884;84.1566925
73.32;9.84;51.24;31.97;4.98;414.51;90.48;93.75;4.81;52.47308472;6.053986581;22.68684662;50.19503823;0.68;11.25;17.32;43.72;11916.53753;116.5282857
75.65;10.45;59.87;41;6.88;624.52;99.39;99.8;0.61;53.71227258;7.072247345;19.60248186;49.463666;0.752;5.7;10.24;31.47;9843.95712;124.8726513
75.87;11.06;63.97;44;8.86;607.22;98.07;100;0.52;50.22222222;3.873015873;22.28571429;42.41269841;0.761;5.49;6.44;24.12;4532.730954;80.1501726
74.3;10.77;58.28;39.83;5.78;509.3;96.42;99.33;0.1;52.72504593;6.491120637;22.04531537;47.6117575;0.72;9.43;9.94;32.29;5214.753829;104.0481687
73.69;9.83;49.03;27.96;4.06;460.81;93.12;97.09;2.65;51.42180095;5.213270142;23.51895735;47.51184834;0.688;11.85;14.93;40.56;7431.967209;142.2162567
68.31;9.08;30.54;15.14;1.28;251.09;93.53;93.88;1.42;51.53631285;4.888268156;26.53631285;40.5027933;0.582;27.03;32.11;65.89;2773.074847;131.5317295
69;10.08;41.24;21.24;2.05;301.15;93.89;96.09;2.64;51.01424058;3.642566052;27.29978479;41.78533816;0.627;19.16;20.74;53.06;3573.897752;92.6995313
73.23;10.86;55.99;38.45;2.74;404.28;95.96;97.58;2.94;51.4673913;3.725845411;26.37379227;46.25905797;0.711;8.82;14.22;41.29;9283.527159;95.44961905
72.44;9.72;47.25;29.35;1.91;374.56;97.08;93.51;0.79;51.57108434;4.568674699;25.41686747;45.88433735;0.674;14.02;14.94;47.08;8191.109445;103.6271807
73.44;10.95;56.78;37.72;3.64;434;98.2;99.76;0.51;52.2706422;6.252293578;22.59174312;49.00917431;0.704;8.78;14.34;37.45;17693.13006;116.295008
74.3;10.77;58.28;39.83;5.78;509.3;96.42;99.33;0.1;51.43979058;5.017452007;23.38568935;47.20767888;0.72;9.43;9.94;32.29;4733.555864;54.54286579
80.09;11.28;85.72;76.5;41.89;2273.55;95.09;98.73;1.7;54.19491203;6.830299337;17.38708203;55.34694188;0.888;3.12;2.02;9.03;3737.436529;147.3626558
79.81;11.14;82.16;70.66;28.5;1426.89;98.38;99.86;0.97;53.43010539;4.384569497;19.77530324;50.80532909;0.853;1.8;4.04;9.75;4090.177998;126.5402473
79.81;11.14;82.16;70.66;28.5;1426.89;98.38;99.86;0.97;54.42708333;4.861111111;18.31597222;51.47569444;0.853;1.8;4.04;9.75;1412.874987;107.8684722
79.9;11.9;83.87;73.81;32.81;1464.68;92.85;100;0;55.21582734;6.474820144;16.90647482;51.79856115;0.874;0.48;1.19;6.94;11750.34242;123.3167137
79.38;11.56;80.43;67.1;26.98;1356.61;98.89;98.55;0.2;53.56321839;3.639846743;21.64750958;48.00766284;0.85;4.51;3.72;14.57;6387.102989;129.2272294
68.36;7.93;29.57;14.77;0.64;257.98;95.35;96.98;1.24;51.29728451;3.567203806;26.12444468;34.61791225;0.567;28.87;34.12;64.13;4983.605758;80.8983589
72.46;10.35;46.68;26.88;2.28;379.44;91.41;99.44;0.64;52.1589972;5.317499588;24.20583869;46.11578427;0.66;13.66;19.07;48.15;12024.08703;103.3338992
75.87;11.06;63.97;44;8.86;607.22;98.07;100;0.52;53.71291374;9.049334019;18.55599383;46.22420397;0.761;5.49;6.44;24.12;12949.80052;130.715982
76.96;10.93;74.22;59.19;14.88;791.11;97.66;97.96;1.14;53.70543464;8.318867673;18.73414341;52.75737749;0.792;2.34;6.67;19.61;10893.6792;137.9046515
69.96;9.56;42.59;22.27;1.48;316.14;95.4;94.76;0.84;51.29206172;3.239449712;27.92108199;43.91383157;0.634;18.94;24.39;55.25;10456.16411;93.91480934
68.31;9.08;30.54;15.14;1.28;251.09;93.53;93.88;1.42;49.76630766;2.33692339;29.02526587;39.98509788;0.582;27.03;32.11;65.89;17660.27053;88.31903693
72.44;9.72;47.25;29.35;1.91;374.56;97.08;93.51;0.79;51.29251701;3.764172336;23.58276644;46.57596372;0.674;14.02;14.94;47.08;5092.183345;118.4367723
72.44;9.72;47.25;29.35;1.91;374.56;97.08;93.51;0.79;50;4.2243083;28.22381423;43.75;0.674;14.02;14.94;47.08;2014.716527;97.66577778
71.42;10.05;55.75;34.16;2.52;359.63;95.64;99.71;1.28;51.8981259;3.291686689;19.26958193;46.76838059;0.675;11.7;18.02;54.16;16845.85494;134.2494077
71.51;9.83;42.2;22.38;1.54;360.27;95.06;94.63;1.26;50.79735875;4.223509624;25.33794306;45.00404909;0.658;18.53;15.72;46.64;2344.576629;114.4558513
70.92;10.06;41.25;20.34;1.34;340.4;93.55;99.38;3.35;50.78209277;3.362099964;26.01582165;43.94102841;0.639;17.96;17.65;53.47;10788.00202;80.15258379
72.97;10.08;52.41;32.33;3.24;388.58;92.6;99.61;1.37;52.4305224;4.058829147;25.36529462;46.09874893;0.684;13.63;14.26;40.46;5973.888425;91.23988587
76.24;11.26;72.43;54.68;11.13;733.62;97.45;98.99;0.18;53.05853757;4.825805145;21.12112619;51.55965161;0.781;5.99;8.73;23.15;5165.687214;134.093838
72.24;9.74;49.34;28.17;1.69;370.81;96.4;99.03;1;53.13387424;4.62474645;24.7464503;46.33874239;0.667;12.7;17.25;42.89;3933.568618;116.5422402
73.57;10.6;66.24;40.85;5.63;445.96;96.56;99.42;0.7;52.1011619;3.409169971;22.81360885;47.42225005;0.716;6.56;13.65;34.8;9631.861669;104.1547494
68.31;9.08;30.54;15.14;1.28;251.09;93.53;93.88;1.42;51.96687371;2.576489533;29.1005291;40.0621118;0.582;27.03;32.11;65.89;8370.569547;112.4326898
75.65;10.45;59.87;41;6.88;624.52;99.39;99.8;0.61;52.85714286;3.285714286;21.71428571;47.28571429;0.752;5.7;10.24;31.47;19207.65409;103.9211873
69.68;9;39.35;20.65;1.5;312.19;90.64;92.62;3.49;52.64048747;3.215978334;25.69397427;39.4041977;0.624;18.96;23.11;53.03;5583.026214;139.9752795
73.32;9.84;51.24;31.97;4.98;414.51;90.48;93.75;4.81;51.96599362;3.69110875;25.53312079;47.80021254;0.68;11.25;17.32;43.72;5047.079575;101.4379994
77.3;10.86;71.66;53.31;15.27;879.83;96.95;99.69;0.99;53.98924856;7.270758402;18.61004757;52.58150598;0.8;4.25;5.75;22.2;3669.170437;137.579008
74.83;9.73;62.2;43.42;6.32;551.3;95.85;98.91;1.61;52.16114635;4.915433404;22.76250881;47.78599953;0.731;7.43;8.97;31.35;4403.07423;115.2072111
74.21;9.89;53.74;35.96;6.2;495.57;97.9;98.66;0.37;52.94298246;5.960526316;21.06578947;50.26754386;0.712;10.43;11.22;33.14;12508.29744;126.2973606
73.32;9.84;51.24;31.97;4.98;414.51;90.48;93.75;4.81;49.41103534;4.339739616;24.55052697;48.41909485;0.68;11.25;17.32;43.72;149.9931181;129.040178
76.96;10.93;74.22;59.19;14.88;791.11;97.66;97.96;1.14;52.62059369;5.333951763;17.94990724;53.17717996;0.792;2.34;6.67;19.61;1429.508091;94.84955706
73.69;9.83;49.03;27.96;4.06;460.81;93.12;97.09;2.65;55.48638132;6.770428016;17.66536965;53.38521401;0.688;11.85;14.93;40.56;19719.54994;138.3497321
76.02;11.12;65.68;50.66;12.65;690.18;93.11;98.53;3.1;53.25811651;5.203776192;24.13078517;49.29772047;0.764;5.36;10.22;20.8;9967.492708;91.36735739
72.97;10.08;52.41;32.33;3.24;388.58;92.6;99.61;1.37;52.45277028;3.698999841;27.21066836;44.92776631;0.684;13.63;14.26;40.46;17449.86194;105.0443373
76.96;10.93;74.22;59.19;14.88;791.11;97.66;97.96;1.14;50.76335878;7.061068702;17.17557252;54.19847328;0.792;2.34;6.67;19.61;1196.678547;206.7613067
75.65;10.45;59.87;41;6.88;624.52;99.39;99.8;0.61;51.74228417;7.481154886;20.06826909;49.3101977;0.752;5.7;10.24;31.47;7774.789634;107.8147378
74.21;9.89;53.74;35.96;6.2;495.57;97.9;98.66;0.37;53.50553506;3.025830258;27.3800738;44.50184502;0.712;10.43;11.22;33.14;13804.6553;114.0041091
77.3;10.86;71.66;53.31;15.27;879.83;96.95;99.69;0.99;52.01871426;5.111765725;20.96690348;50.8057529;0.8;4.25;5.75;22.2;4474.481499;138.1865513
76.96;10.93;74.22;59.19;14.88;791.11;97.66;97.96;1.14;54.21405203;5.546035208;19.75385574;51.90839695;0.792;2.34;6.67;19.61;4495.648882;151.2280714
76.96;10.93;74.22;59.19;14.88;791.11;97.66;97.96;1.14;52.63157895;5.263157895;22.13622291;49.22600619;0.792;2.34;6.67;19.61;11052.73673;169.3748603
72.97;10.08;52.41;32.33;3.24;388.58;92.6;99.61;1.37;54.86453202;4.002463054;25.6773399;46.61330049;0.684;13.63;14.26;40.46;1282.038617;106.8407989
76.29;10.11;65.11;50.09;14.02;728.95;93.65;99.13;0.32;52.01060173;5.429245869;20.58226695;52.62765561;0.753;7.71;7.94;24.33;2509.411619;133.9307055
79.91;11.71;81.7;69.13;30.63;1591.4;98.97;100;0.19;56.82737421;12.97524672;12.37663808;54.46529688;0.874;1.31;2.7;8.51;6931.615134;154.5006359
72.97;10.08;52.41;32.33;3.24;388.58;92.6;99.61;1.37;50.71360609;6.374881066;25.59467174;46.33682207;0.684;13.63;14.26;40.46;4414.918344;280.9166814
76.9;11.26;72.41;58.08;13.67;769.12;95.78;100;0.14;51.08281771;8.412660638;16.88481675;54.6763446;0.788;3.46;6.17;18.08;4770.190724;111.5968069
78.28;10.89;71.98;56.59;15.69;858.7;97.35;99.67;0;56.33941786;9.274790331;15.04686729;54.26739023;0.797;3.07;4.62;18.24;17529.95361;200.9628486
78.28;10.89;71.98;56.59;15.69;858.7;97.35;99.67;0;54.21122995;10.46122995;13.63636364;55.14705882;0.797;3.07;4.62;18.24;3814.46958;101.2714024
