21818.9;0.7623;116.3165128
21260.3;0.9531;355.6322053
19037.2;0.9531;240.8199519
17162.8;0.9531;337.2483333
17050.3;0.7931;443.7384333
17031.4;0.9531;249.6704336
15130.8;0.7623;165.1699894
15016.3;0.7623;175.4496938
15007.3;0.7931;263.5333862
14890.8;0.8666;145.3864342
14743.5;0.9531;316.7112836
14477.8;0.6418;123.1467133
14299.1;0.7623;164.8533527
14068.3;0.7678;230.2140371
13966.9;0.7931;139.6672566
13454.5;0.8666;100.1562707
13385.5;0.8597;154.859206
13374.4;0.9531;391.1056611
13244.9;0.8666;260.5824742
13169.1;0.6418;134.8216857
13070.8;0.7931;171.9651972
12931.4;0.7176;164.514965
12857.1;0.9531;216.9804119
12499;0.7678;261.6037291
12264.4;0.7931;260.9926497
12231.5;0.7623;118.465016
12221.4;0.9531;423.9702998
12090.1;0.8666;248.0031834
11891.1;0.9531;180.8793987
11715.6;0.8666;222.7626799
11425.7;0.9531;161.7949552
11385.3;0.8666;205.4154094
11314.9;0.9531;325.1951506
11192.2;0.8666;194.4655627
11148.5;0.9531;201.4360207
11138.7;0.9531;282.2738366
11035.7;0.8666;169.0962471
11018.5;0.3378;29.27078329
10980.6;0.9531;265.7446452
10958.6;0.9531;220.8833987
10956.5;0.7623;180.13445
10919.2;0.9531;339.76
10900.5;0.9531;230.6730819
10896.6;0.9531;308.0140191
10865.7;0.8666;165.5133879
10862.6;0.9531;337.4272973
10854.5;0.8666;193.652037
10750.3;0.7623;145.3618219
10732.1;0.9531;116.9404076
10718.8;0.8666;169.2866036
10687;0.7623;125.0538497
10665.9;0.9531;304.007062
10663;0.7678;254.9897345
10601.1;0.8597;256.5539063
10598;0.9531;150.5210264
10492.2;0.8666;212.8655914
10470.4;0.9531;247.5401961
10448;0.9531;202.1652395
10437.2;0.8597;196.7045472
10436.7;0.8666;151.3464792
10406.6;0.7678;266.4918277
10287.4;0.5224;171.9990447
10250.4;0.9531;155.5019543
10126.8;0.8597;115.2000302
10109.7;0.8666;252.0318242
10037;0.9531;262.519276
10024.2;0.9531;160.3176768
9865.33;0.7176;196.1431505
9839.35;0.7931;206.1607357
9834.74;0.9531;129.1422942
9826.99;0.8597;207.9988588
9808.23;0.8666;133.7806362
9801.15;0.9531;199.3715658
9792.21;0.7623;250.3696815
9768.62;0.9531;307.2384479
9755.23;0.377;220.562705
9631.29;0.9531;156.1515852
9616.96;0.5296;228.9836267
9579.51;0.8666;226.5008026
9568.63;0.9531;538.0558898
9486.21;0.9531;236.0701163
9468.62;0.8666;185.0221053
9465;0.5296;239.2564841
9441;0.8666;125.253893
9350.18;0.3503;208.5684136
9323.5;0.9531;312.9055015
9306.82;0.9531;301.3142261
9288.4;0.9531;187.4843761
9241.11;0.7931;257.418123
9236.06;0.4913;110.7205453
9208.28;0.8666;140.7226817
9167.64;0.7623;247.1438797
9156.15;0.8666;167.8791281
9080.26;0.8597;189.444726
9072.78;0.8597;203.6147345
9070.4;0.8666;156.2703036
8998.27;0.7623;187.090625
8888.28;0.8666;186.3102026
8882.45;0.9531;267.3156827
8853.73;0.7623;234.2150954
8832.15;0.8666;227.4505198
8803.7;0.7678;195.62
8798.41;0.8597;168.0260326
8763;0.8666;159.3341512
8759.72;0.8597;185.0643465
8687.77;0.4913;290.6971841
8667.67;0.9531;221.8883019
8664.82;0.5176;170.604343
8646.5;0.5176;204.6950282
8636.64;0.9531;295.8345419
8630.7;0.7931;112.9630022
8621.96;0.377;183.2085563
8540.82;0.7623;166.6681833
8497.37;0.7623;244.3938971
8490.43;0.8666;218.2211687
8466.51;0.8666;273.27
8464.44;0.8666;230.9599718
8437.73;0.8666;199.7981234
8411.14;0.7623;110.9357127
8403.62;0.8666;251.5114132
8400.62;0.8597;193.6412482
8387.42;0.8597;183.3502306
8384.94;0.8597;172.4935385
8378.15;0.8666;186.0770189
8373.06;0.8666;91.44467875
8367.97;0.8597;185.9696264
8359.25;0.7623;134.2140631
8353.35;0.8597;219.4338133
8347.06;0.8597;136.1368498
8278.03;0.5224;197.9269012
8226.31;0.9531;320.2596517
8222.55;0.6625;179.6226935
8183.27;0.4915;209.8117532
8141.69;0.8666;132.4622363
8129.32;0.8666;186.5759862
8064.72;0.9531;310.6509365
8061.32;0.7201;227.8610732
8018.89;0.5719;221.0310107
8006.73;0.8666;98.12225053
7979.94;0.3315;208.0918919
7967.61;0.7623;257.9003727
7961.24;0.3315;245.5770667
7958.88;0.9531;226.4475786
7942.13;0.6948;156.5213916
7932.83;0.5719;217.1088445
7919.38;0.9531;160.1167816
7871.33;0.7623;200.5282487
7865.84;0.6418;228.9572937
7791.96;0.6625;163.8335021
7778.4;0.5296;290.0946694
7772.42;0.6418;290.6979498
7766.21;0.6625;134.6533442
7760.51;0.7678;249.1055151
7742.31;0.8666;199.9772543
7734.27;0.9531;302.7601792
7732.32;0.7623;245.0010705
7704.29;0.8597;193.7081439
7650.36;0.7931;213.5886037
7622.45;0.3503;305.6134554
7599.71;0.7623;108.3494929
7599.33;0.7931;226.3339636
7592.62;0.7931;150.2818474
7569.01;0.7931;284.8924846
7550.75;0.7623;174.3226848
7505.04;0.7931;110.033046
7445.81;0.7623;156.3391481
7344.83;0.5719;205.1235891
7327.65;0.6418;203.6080952
7326.72;0.8666;176.8071831
7318.06;0.6625;101.4282819
7297.8;0.3315;228.5934836
7289.59;0.7176;179.9266667
7258.37;0.5296;204.5839645
7229.42;0.8666;153.9732335
7209.43;0.3315;211.8198467
7178.99;0.8666;300.6275181
7115.21;0.9531;317.9936449
7106.65;0.9531;308.506259
7104.37;0.578;213.8586914
7074.63;0.8666;216.46
7040.38;0.3378;212.958484
7012.53;0.5224;227.8397692
6994.72;0.5296;192.7871853
6961.26;0.6625;169.739062
6935.95;0.7623;126.0274119
6920.65;0.9531;254.8152182
6898.21;0.8666;86.68835189
6862.32;0.6948;155.440157
6848.86;0.8597;215.8009621
6820.08;0.8666;205.1018803
6771.91;0.8597;240.9181053
6763.2;0.3378;214.6887989
6753.02;0.6948;167.2528501
6732.13;0.6948;226.385376
6715.07;0.3315;226.3288496
6672.75;0.6625;137.6195338
6656.9;0.5719;195.7590204
6642.51;0.6625;196.5284571
6619.56;0.6948;128.6911721
6604.02;0.9531;280.0471322
6592.53;0.6625;98.64642438
6582.45;0.5176;220.1506122
6571.63;0.8666;162.3417381
6528.76;0.377;175.2157895
6519.34;0.9531;285.8931884
6510.39;0.9531;141.1374499
6510.24;0.5719;192.1044444
6499.68;0.5567;133.0062865
6436.2;0.6948;229.2797694
6434.15;0.7623;203.2740091
6413.37;0.429;169.2266468
6407.78;0.578;184.2572536
6394.52;0.6948;204.3325217
6350.48;0.377;128.0636929
6306.73;0.578;182.3033407
6235.69;0.6948;199.2371429
6211.69;0.6625;196.5583969
6205.48;0.578;202.0217617
6177.24;0.9531;267.15
6162.98;0.6948;201.0649943
6111.62;0.7176;163.1827444
6099.76;0.6948;206.8461927
6093.95;0.5877;163.7676923
6057.2;0.6948;214.0250391
6054.81;0.2186;178.7279167
6038.46;0.7201;244.000186
6029.15;0.5176;198.9352106
6013.88;0.1811;199.9585994
5960.81;0.6284;174.6543022
5938.11;0.8666;176.826028
5922.76;0.8666;131.6907649
5906.31;0.5296;199.1181191
5903.5;0.4671;202.1979487
5861.82;0.3503;168.5564407
5831.48;0.8597;221.5856466
5825.29;0.6948;247.3586157
5812.3;0.7931;19.95494949
5811.63;0.3378;126.4697644
5789.45;0.6948;156.8233826
5785.05;0.4671;158.1937349
5749.1;0.9531;362.4593622
5744.83;0.8597;207.6214768
5732;0.7623;195.8870624
5709.62;0.6948;165.246343
5660.29;0.6948;223.3341292
5614.91;0.7678;212.1900508
5581.23;0.5296;133.0145455
5555.84;0.6948;199.8458475
5549.61;0.6948;252.9167665
5540.77;0.5567;159.0375049
5533.88;0.9531;145.8234157
5527.46;0.5567;156.2079022
5526.13;0.578;174.0639004
5511.75;0.5296;149.8450533
5511.5;0.429;187.395514
5467.45;0.7176;136.481859
5464.92;0.4915;171.038111
5462.47;0.4915;214.8702574
5445.37;0.8666;187.3019113
5424.8;0.3315;182.6915758
5400.46;0.5942;148.6253871
5380.78;0.9531;857.5071765
5358.34;0.5567;155.1091376
5261.51;0.377;195.5185714
5256.68;0.4482;109.0797468
5255.09;0.5719;167.9853191
5243.47;0.9531;219.751362
5241.9;0.3315;50.30339726
5217.9;0.377;65.84978155
5196.53;0.3503;152.1553443
5187.22;0.3315;69.82071942
5174.77;0.3503;197.9892365
5167.22;0.5296;87.07744428
5164.77;0.505;188.9659066
5158.96;0.5719;172.7110054
5134.31;0.7176;244.0784058
5132.44;0.5719;173.6163636
5127.33;0.8666;66.00517533
5086.04;0.4671;187.3086909
5078.93;0.7201;223.729235
5066.78;0.9531;162.2197478
5040;0.572;172.0425427
5020.67;0.3378;113.4433284
5003.63;0.5719;207.9411564
4997.21;0.8666;124.0056187
4964.65;0.5942;133.2495974
4937.03;0.5296;269.9123775
4895.69;0.3684;171.0985342
4870.3;0.505;156.2217047
4868.12;0.5719;168.7413715
4866.91;0.5877;160.9122083
4865.91;0.2247;168.4816322
4857.07;0.505;169.4710448
4852.08;0.5942;155.3541135
4850.12;0.6284;156.7796981
4845.31;0.6948;213.8693609
4843.37;0.6285;167.3685403
4812.97;0.429;86.05150943
4810.48;0.6285;0.229957326
4807.4;0.3315;116.8243722
4802.72;0.578;181.6769775
4799.19;0.3315;106.4535885
4785.9;0.6948;193.4258998
4779.51;0.2829;176.2663077
4761.3;0.4671;153.5502299
4748.21;0.6625;159.2203852
4731.01;0.4998;194.9980547
4728.16;0.3315;234.0287164
4712.59;0.5224;171.2639686
4706.08;0.6285;172.1230847
4688.03;0.5719;158.7634286
4663.95;0.6948;199.7117853
4661.35;0.572;236.9079609
4647.58;0.3315;85.14246305
4647.5;0.5224;165.500315
4561.1;0.4915;126.0184676
4558.89;0.9531;139.0972038
4545.93;0.7176;187.8720774
4529.89;0.5942;146.4370698
4526.29;0.5877;132.9216763
4507.81;0.3182;201.5861853
4471.53;0.5942;118.2853321
4471.07;0.7176;152.2045367
4468.52;0.5719;180.0011314
4441.39;0.7176;167.8837754
4440.12;0.5942;151.4190071
4395.28;0.3315;154.8916972
4386.44;0.4345;163.6101241
4377.81;0.7201;244.1876087
4367.87;0.8666;138.3829071
4361.22;0.2247;150.6195301
4353.62;0.5719;177.1632205
4348.05;0.6625;145.1426187
4347.49;0.3378;181.7566187
4342.23;0.505;154.0585818
4291.28;0.429;133.8876655
4271.19;0.572;138.9434536
4256.93;0.6284;187.4182762
4246.07;0.6285;184.0662107
4245.69;0.6284;161.4996809
4240.27;0.6418;92.83734579
4226.24;0.2328;163.3548079
4215.24;0.5567;198.9945029
4208.27;0.6284;143.13486
4206.04;0.7201;180.3850185
4204.32;0.6285;184.455
4198.06;0.5567;173.8627322
4197.87;0.4728;183.4277778
4183.41;0.6625;37.96538043
4179.93;0.2247;156.1292098
4177.83;0.3378;139.915516
4171.97;0.4189;103.3405172
4161.47;0.3904;156.2613438
4156.91;0.6285;164.4082036
4151.41;0.6625;137.1909408
4140.17;0.505;166.333621
4124.94;0.3378;132.9983956
4117.95;0.4189;162.3883544
4111.58;0.6284;162.4931661
4108.37;0.5619;137.0546633
4106.83;0.2247;209.7029322
4077.81;0.4482;113.7930949
4065.44;0.9531;250.2041538
4043.68;0.5942;95.46131234
4032.9;0.5106;133.3195547
4018.25;0.5942;124.9249489
4011.06;0.6438;139.5135808
4005.09;0.429;131.9982545
3997.82;0.2829;141.179447
3995.69;0.7176;85.96467875
3979.15;0.429;153.0531765
3969.33;0.5567;134.2851376
3967.2;0.3684;153.4459372
3959.53;0.7201;207.5297993
3956.27;0.5874;125.2396316
3947.56;0.3378;189.3344815
3925.05;0.7931;164.6190407
3920.28;0.3904;168.2830505
3918.28;0.572;154.8311535
3914.68;0.3684;149.9718881
3909.36;0.6285;158.5119149
3909;0.6948;218.539868
3903.88;0.1769;120.2283158
3896.94;0.2527;177.8809718
3896.7;0.4728;146.9048706
3895.72;0.4064;226.0923711
3891.39;0.6438;148.8780965
3887.47;0.2247;162.9807194
3880.92;0.429;163.3725
3868.54;0.5176;160.945084
3859.46;0.5296;159.6286207
3831.16;0.5942;340.3466125
3830.24;0.377;60.03434483
3821.78;0.4915;170.8608153
3816.49;0.3735;181.3951634
3812.6;0.4915;197.330647
3806.94;0.6948;228.222094
3797.71;0.377;112.2845446
3779.92;0.7176;240.1153333
3775.16;0.8666;188.1349573
3756.23;0.5619;150.3124701
3752.9;0.9531;160.9850571
3740.91;0.4482;143.1895158
3738;0.4915;154.6820501
3737.02;0.429;203.3125667
3734.16;0.4819;91.98433763
3729.68;0.4189;216.6581641
3729.05;0.5719;25.59046904
3728.97;0.5567;112.8143278
3712.25;0.3372;101.441325
3707.01;0.6284;147.3024
3706.05;0.3753;150.5323845
3702.06;0.3315;75.04468571
3700.83;0.3045;163.2393056
3693.43;0.8666;140.6412761
3684.79;0.8666;125.0471183
3684.42;0.6438;170.702
3683.74;0.3045;195.2461856
3666.7;0.4728;138.7874219
3663.06;0.5567;166.235599
3660.06;0.5296;159.4467329
3638.73;0.5719;164.3588486
3615.61;0.5877;115.9821951
3612.94;0.6438;183.8256022
3606.52;0.4915;169.7425705
3603.58;0.4998;87.43475309
3599.36;0.4189;98.60708709
3596.01;0.3647;150.6842529
3585.67;0.4671;131.930226
3577.89;0.5719;159.5692891
3575.48;0.2247;169.6642409
3550.94;0.4819;96.68391363
3548.43;0.3753;163.929533
3532.56;0.6438;143.3590297
3521.9;0.4437;149.5025984
3514.74;0.5874;137.2094268
3513.75;0.3378;202.9316473
3512.8;0.2247;175.036646
3511.62;0.7176;147.7762682
3503.09;0.8597;119.9340281
3491.62;0.5877;126.7033684
3485.79;0.4819;97.7255858
3481.69;0.6285;131.3316077
3477.63;0.6284;129.0973025
3473.48;0.4998;136.0154689
3465.68;0.572;85.59709259
3462.61;0.3904;154.5424579
3449.04;0.3378;147.6717234
3418.8;0.6285;175.5122222
3416.3;0.2717;122.8010983
3403.63;0.6948;193.8002487
3400.48;0.4728;130.2045356
3393.02;0.429;200.7110773
3390.43;0.6438;155.1141506
3390.38;0.6625;136.8177131
3382.33;0.4728;206.2807123
3379.2;0.6284;135.3141337
3378.65;0.2247;205.2810502
3376.06;0.2236;284.0779947
3372.49;0.5942;138.1953922
3358.34;0.3182;186.805172
3350.31;0.6948;160.8450256
3346.3;0.2914;80.28151675
3345.71;0.4998;134.3314783
3330.63;0.3378;142.7889216
3317.05;0.5567;403.8953982
3312.05;0.5296;119.1238352
3304.07;0.578;148.0909381
3303.17;0.5874;142.7537368
3289.99;0.4189;156.3601934
3281.95;0.3612;14.58319797
3273.36;0.5877;130.6422156
3264.11;0.7931;153.6324793
3258.41;0.4728;123.6893219
3256.42;0.3684;154.6500778
3256.23;0.4998;166.6648298
3246.06;0.5106;196.039816
3236.64;0.2247;158.7203974
3234.88;0.4189;155.7041372
3228.42;0.2511;187.5846154
3223.08;0.6284;140.4579327
3219.82;0.3757;165.3901878
3219.53;0.4915;163.4898435
3216.63;0.3612;157.9410586
3206.54;0.4064;137.8063924
3204.21;0.2247;161.605078
3195.32;0.3684;140.2175775
3189.82;0.1811;144.5113083
3175.98;0.6285;154.7696267
3174.71;0.6284;123.3334963
3167.62;0.2717;69.52278237
3145.33;0.4998;111.8311429
3144.89;0.5567;155.8337691
3133.68;0.5619;142.2251975
3127.15;0.6625;140.4906218
3127.15;0.5719;194.3780615
3111.2;0.4671;65.65461538
3105.25;0.5567;146.3006204
3105.2;0.4915;147.6896861
3101.35;0.3953;126.4081754
3100.81;0.4157;102.3229321
3097.41;0.2717;79.43917933
3095.99;0.4998;81.28278014
3095.63;0.8666;131.4014299
3095.23;0.4915;19.2554661
3089.87;0.27;145.0856863
3084.52;0.377;77.00563707
3082.78;0.2717;121.93
3077.01;0.5942;172.1895785
3073.36;0.4915;148.1363948
3069.64;0.5942;144.0752561
3069.6;0.2511;133.0738339
3059.4;0.5877;134.6934829
3057.87;0.2328;158.2147679
3053.53;0.6284;145.1989923
3052.23;0.5942;169.1117757
3048.14;0.6284;124.5652125
3047.15;0.5567;170.9906868
3040.22;0.1721;127.4514315
3038.46;0.3684;337.460893
3035.5;0.572;134.28708
3033.51;0.3904;147.1980749
3030.24;0.3953;125.5597126
3028.11;0.3315;83.45988785
3012.92;0.4915;154.6505189
3002.43;0.4482;130.7672238
2977.91;0.6948;137.3848114
2975.27;0.3757;157.5381556
2965.91;0.4189;175.9049724
2955.32;0.5619;133.1972681
2946.95;0.377;121.9317955
2944.66;0.5224;244.8344073
2940.3;0.5719;156.9439171
2937.34;0.3904;185.447914
2931.66;0.5106;151.1537204
2929.18;0.4728;150.7596372
2927.34;0.4728;168.9733824
2926.71;0.5619;128.462474
2914.18;0.429;121.4502527
2914;0.3315;59.76769602
2913.16;0.3612;141.3574734
2904.51;0.2328;119.9560215
2903.82;0.3378;123.9359653
2893.31;0.3904;149.8111857
2890.13;0.3378;122.4650498
2883.24;0.3757;138.5009819
2879.19;0.2328;162.600544
2878.6;0.4189;118.7757045
2878.14;0.7176;155.885247
2868.87;0.505;143.1633086
2868.06;0.2997;166.9776296
2862.91;0.2857;149.3523463
2856.89;0.4671;169.7331002
2855.85;0.3045;206.9694777
2848.25;0.4064;110.2454808
2847.92;0.2527;128.9083886
2840.63;0.2553;118.3039607
2839.57;0.4998;137.6125256
2815.15;0.4913;116.3970166
2814.79;0.4819;117.4582396
2812.37;0.4728;108.8705005
2809.02;0.4915;150.3903715
2803.12;0.2247;176.0201077
2791.52;0.3612;117.7745117
2790.77;0.2717;106.4436469
2773.59;0.2511;147.0152772
2767.09;0.4915;123.6465613
2765.23;0.5567;137.3893493
2764.87;0.6625;143.7313069
2764.68;0.2247;249.6522326
2763.49;0.2717;99.06622222
2760.39;0.6285;335.3556381
2754.48;0.2717;71.79691057
2753.14;0.4671;158.1620275
2744.92;0.3503;167.6500881
2743.77;0.3647;104.9348105
2743.28;0.5296;177.1221561
2742.3;0.5567;141.0363751
2740.06;0.2997;62.80307257
2738.86;0.6285;141.0704046
2733.63;0.8666;148.2484211
2727.6;0.3757;135.3475039
2724.24;0.4728;132.0170032
2716.24;0.4189;144.2039591
2716;0.3503;140.0338801
2710.28;0.4915;138.8691967
2709.68;0.3503;157.8112961
2706.71;0.2328;123.5800889
2703.98;0.4819;146.7665031
2698.81;0.5176;104.8211303
2693.07;0.4819;142.0268665
2691.27;0.2511;126.7926329
2689.51;0.3045;6.53044665
2688.74;0.7623;109.8733787
2681.52;0.2997;344.678848
2679.39;0.3757;126.2785955
2678.31;0.572;122.3207099
2675.25;0.4915;125.5251863
2665.46;0.2717;73.33762663
2663.08;0.4189;121.6534422
2661.25;0.5106;153.4739845
2661.21;0.4157;120.6034558
2658.39;0.8597;121.9514063
2652.71;0.3483;165.6638732
2652.29;0.2157;109.7703477
2650.66;0.572;121.1749626
2650.49;0.2922;261.3314469
2644.69;0.4437;130.8742291
2643.52;0.5054;132.8938592
2639.32;0.6625;146.6503729
2638.36;0.8666;152.9972808
2637.9;0.5877;98.80552319
2636.83;0.6285;167.3022779
2632.94;0.3201;122.734684
2624.01;0.3483;126.3069016
2623.16;0.3735;177.2886945
2619.3;0.505;130.9695166
2615.56;0.2328;172.6308946
2613.31;0.5619;121.6600368
2611.45;0.5567;128.600037
2608.66;0.3315;106.1698341
2608.46;0.2247;137.8890276
2607.06;0.2717;65.56172864
2606.26;0.3953;127.3565786
2593.1;0.3612;124.6243333
2583.96;0.5874;91.65313288
2573.31;0.4064;98.60297297
2572.63;0.3757;153.2629354
2571.61;0.3953;63.15498952
2571.56;0.6438;154.7936516
2551.03;0.5106;153.045013
2548.58;0.5619;116.6552905
2544.11;0.2511;126.3981699
2538.95;0.3045;446.1291961
2538.78;0.6438;137.3489623
2537.51;0.4437;143.6553977
2532.35;0.3378;99.15375
2525.57;0.6285;133.6979487
2525.04;0.5619;123.0368999
2523.96;0.578;135.1295046
2519.07;0.3694;104.2241385
2517.65;0.4064;60.40100946
2514.35;0.2328;140.9805275
2512.53;0.3408;118.8554899
2508.79;0.429;133.6609873
2507.01;0.2511;130.7739214
2502.32;0.2717;100.3898369
2497.73;0.3612;119.0968262
2491.01;0.4998;112.087182
2484.77;0.505;136.8333599
2483.82;0.2857;125.8840037
2477.25;0.3378;120.7543262
2477.1;0.3045;318.5350947
2475.86;0.2247;223.2246291
2474.19;0.3684;136.9589373
2472.95;0.3757;140.0302729
2468.55;0.6284;131.4797651
2466.95;0.4819;149.2118966
2463.85;0.2511;147.2063037
2462.93;0.3953;133.8454531
2459.7;0.5567;129.2128819
2457.84;0.2511;123.3680276
2455.93;0.2997;161.1958846
2454.48;0.4728;90.55986911
2454.14;0.3045;166.1287522
2453.78;0.3647;94.89346939
2451.23;0.4819;113.5945788
2450.27;0.6284;124.8899211
2448.76;0.27;144.336129
2448.51;0.4345;131.9439139
2440.7;0.5619;118.1847305
2437.3;0.4819;109.6640715
2434.1;0.3757;127.7306383
2430.26;0.3735;122.933663
2427.13;0.2673;129.040178
2426.95;0.5106;143.6557091
2426.1;0.27;139.6039492
2424.33;0.3757;190.7481115
2419;0.2717;87.35249158
2418.97;0.3757;146.1653576
2417.29;0.5567;174.3150509
2412.89;0.2511;130.0884431
2409.1;0.4671;114.3387842
2405.23;0.5054;133.9973156
2403.62;0.5619;144.6645946
2403.47;0.3757;206.6626974
2402.28;0.2888;142.7899721
2397.14;0.5567;133.4517986
2395.53;0.3647;109.6962811
2394.2;0.572;108.6777747
2393.73;0.7931;110.1803217
2392.49;0.4819;122.1463158
2390.89;0.3757;355.3220423
2390.82;0.4915;167.6426036
2386.65;0.2717;61.62648986
2386.5;0.27;147.7770793
2386.24;0.4064;138.5296933
2382.28;0.3904;141.7717661
2378.04;0.4998;122.4084127
2376.54;0.2511;132.1950725
2376.47;0.2857;128.551893
2375.97;0.2527;156.7493029
2372.29;0.3753;209.6259567
2370.95;0.429;97.30473239
2364.18;0.2157;110.9966537
2360.85;0.3182;147.1407227
2357.02;0.3408;134.0065684
2355.23;0.3472;139.5533515
2353.68;0.3408;112.7242299
2346.85;0.2043;119.4326042
2346.34;0.2888;116.89525
2341.38;0.3753;79.88078571
2341.35;0.4189;186.8404803
2340.1;0.4437;138.2211777
2339.23;0.3694;166.1125
2334.92;0.6625;159.3121756
2334.62;0.4998;112.3953535
2333.55;0.3904;190.0916599
2328.04;0.3684;167.0216818
2323.49;0.2247;148.679596
2318.87;0.6625;122.5603681
2317.41;0.3251;44.53126797
2315;0.4189;119.6438779
2308.33;0.3408;142.1735123
2308.08;0.3953;135.2764516
2307.09;0.1721;255.0725698
2304.95;0.4157;132.6939266
2304.2;0.5567;180.4520624
2304.15;0.4915;122.8905747
2297.66;0.6438;153.166
2290.53;0.2527;105.6971707
2289.82;0.429;126.3724393
2288.94;0.6625;130.2725203
2288.36;0.2461;140.9481268
2287.55;0.3483;88.59940199
2285.46;0.4345;135.5841339
2281.01;0.27;126.3774184
2270.48;0.3735;144.6788358
2268.71;0.6438;165.9723487
2264.61;0.3757;153.4951483
2263.96;0.4064;138.9423131
2263.7;0.5877;112.6552623
2255.64;0.5567;133.1162219
2253.63;0.4819;120.7602202
2250.6;0.3612;86.93175553
2249.47;0.36;123.2880956
2248.93;0.4345;114.8585137
2246.78;0.2829;128.419177
2245;0.4189;119.3230684
2241.88;0.2717;75.6480947
2240.46;0.3201;81.2011674
2239.66;0.3953;126.2052815
2236.74;0.3617;119.6170983
2236.54;0.2717;229.0854178
2226.25;0.271;121.5284233
2224.83;0.4437;141.3975021
2220.33;0.3684;260.6044444
2220.17;0.288;171.6452317
2219.28;0.3904;109.7838452
2212.12;0.36;113.6614184
2211.99;0.4819;129.6933333
2210.9;0.36;119.5484934
2210.88;0.2461;123.6306116
2210.59;0.4482;124.8165103
2209.82;0.6625;143.7382624
2204.84;0.2225;61.24007874
2203.7;0.3647;134.8653488
2203.23;0.3483;129.3119187
2200.74;0.3757;141.4908783
2199.5;0.6625;114.4816092
2195.34;0.2461;131.3622528
2194.86;0.2922;131.323676
2190.94;0.3757;127.6370924
2188.53;0.4064;101.865242
2187.2;0.3904;227.1274733
2181.43;0.6285;126.3905483
2176.71;0.7931;106.0084807
2173.81;0.3182;130.0665559
2167.83;0.2527;89.97414201
2166.9;0.4819;107.5068872
2165.25;0.3503;136.3388842
2165.14;0.4915;116.5127002
2164.05;0.3182;121.7507892
2161.47;0.2527;61.18956701
2159.51;0.3953;120.969877
2159.03;0.288;129.4479423
2152.74;0.4998;106.3812279
2150.05;0.3417;125.3099494
2149.02;0.4482;113.8394866
2148.23;0.2247;122.8384229
2148.01;0.2922;121.2065169
2146.41;0.3315;88.97388889
2144.8;0.6625;97.19666667
2141.15;0.6948;174.2540964
2140.62;0.2247;146.1231529
2139.63;0.2829;36.71127586
2137.96;0.3694;146.004
2134.14;0.2914;99.8292766
2133.07;0.3953;119.0119562
2131.23;0.4728;118.8766816
2130.23;0.3735;119.2961624
2129.63;0.3753;107.1948403
2129.1;0.4189;92.57635772
2129.07;0.288;107.4805423
2128.53;0.36;106.3669181
2126.79;0.2829;144.2707322
2126.38;0.3753;268.0447859
2123.58;0.4728;110.315132
2121.18;0.3647;77.60615783
2119.72;0.4189;96.87857143
2119.15;0.3904;116.9448899
2118.24;0.5106;146.4752709
2118.2;0.4728;119.9070287
2114.53;0.3617;108.1694182
2110.68;0.3372;172.8441818
2107.96;0.3953;122.4168337
2107.64;0.5054;137.0537255
2101.21;0.3684;100.0244211
2099.65;0.3617;111.273321
2097.8;0.2247;164.8487931
2093.62;0.4482;88.03403289
2092.76;0.4819;111.473792
2092.22;0.3647;103.3003643
2091.88;0.4157;112.6057117
2091.21;0.3647;113.0032953
2090.18;0.2857;150.0141069
2090.09;0.3483;97.63891277
2089.27;0.2247;144.1611155
2088.93;0.3408;124.3966919
2088.25;0.4819;111.6660098
2087.93;0.5877;106.8474504
2087.75;0.3757;125.3097494
2087.35;0.3684;136.1710924
2086.48;0.4189;182.533379
2083.92;0.4437;121.7461772
2079.93;0.3617;115.6210633
2078.29;0.4064;140.5149788
2075.49;0.288;140.2044068
2074.07;0.5567;231.3011714
2073.77;0.429;134.2116033
2073.44;0.4345;112.343058
2072.14;0.4728;121.9854335
2070.16;0.3735;119.4169661
2070.06;0.3408;128.4829387
2069;0.2157;99.38173053
2066.65;0.377;111.9464418
2065.8;0.3315;68.77480826
2064.73;0.2461;105.902806
2057.37;0.3647;99.07503201
2055;0.5054;108.6582084
2054.99;0.4345;99.59522936
2054.67;0.2829;128.4687523
2054.33;0.2717;85.15900091
2052.85;0.4728;96.92824295
2052.83;0.2328;127.6202638
2046.28;0.2328;184.5177976
2042.41;0.3617;112.1301895
2041.87;0.2225;74.38149649
2041.8;0.5054;150.1427985
2040.33;0.2328;131.6533628
2039.33;0.4064;123.3797505
2038.31;0.36;112.2956112
2036.06;0.4728;120.5804097
2035.84;0.429;100.212963
2033.9;0.4728;113.5881621
2033.84;0.2888;120.8849094
2030.59;0.3647;101.916701
2029.22;0.5106;128.5610136
2021.94;0.3408;128.6964634
2020.25;0.2247;150.9234335
2019.95;0.5054;136.0320077
2017.42;0.3753;106.7012045
2008.73;0.2901;64.1229661
2007.94;0.429;120.319712
2005.64;0.1983;91.77956474
2004.72;0.36;113.5467738
2003.86;0.2997;95.47001145
2001.71;0.3251;63.74828996
2000.25;0.4437;118.7747309
1999.21;0.4913;119.6615066
1998.2;0.5106;110.1753172
1995.78;0.27;138.5304172
1995.47;0.1882;84.68029994
1995;0.3647;90.51124388
1994.04;0.5567;151.1686842
1992.92;0.3953;129.2118983
1991.39;0.2829;123.094966
1991.26;0.4157;106.001604
1991.14;0.5176;90.72313218
1991.12;0.5296;153.3570839
1990.11;0.3904;157.9874963
1989.44;0.2225;92.68025852
1985.07;0.36;112.8295033
1985.03;0.2247;113.1359923
1983.48;0.3408;122.9090255
1979.93;0.4064;137.7845605
1979.8;0.2527;118.5492155
1978.26;0.3757;171.028663
1978.1;0.4345;105.5644266
1975.89;0.36;129.7216338
1975.3;0.3472;122.4484567
1972.61;0.3735;101.3768065
1964.83;0.6284;100.81008
1961.4;0.3617;112.432288
1960.08;0.3201;121.305732
1958.18;0.3617;101.1241566
1957.26;0.4728;112.0125786
1956.67;0.2225;77.87022094
1954.03;0.1683;119.343013
1952.71;0.1983;121.9200725
1951.56;0.4064;104.1474916
1944.58;0.3684;131.8189091
1943.96;0.36;115.9168108
1943.83;0.1882;106.595822
1943.81;0.3472;120.6011749
1943.27;0.5567;182.4179656
1942.73;0.27;128.3216482
1941.5;0.3408;127.5656526
1940.02;0.2186;75.55072093
1939.83;0.3953;132.4834194
1939.44;0.5567;211.3260309
1936.59;0.6625;198.9954108
1933.79;0.36;105.178922
1933.55;0.3617;110.964751
1932.97;0.4998;138.2786667
1931.46;0.2527;68.2702378
1929.22;0.2888;107.9536812
1924.79;0.288;138.3443125
1921.93;0.3472;132.0672503
1917.29;0.2922;66.41570265
1916.78;0.3953;90.70798799
1915.05;0.1869;128.2779058
1913.16;0.3953;369.5902609
1911.29;0.3201;135.9118193
1910.22;0.5567;127.8560465
1907.36;0.2621;113.1043777
1907.34;0.2157;98.4577429
1905.03;0.3684;45.06335583
1903.39;0.288;110.0633236
1902.53;0.5942;133.7701947
1902.2;0.3378;87.42986359
1900.71;0.3408;114.1794944
1900.36;0.2238;119.1623379
1899.5;0.4819;101.2502105
1898.42;0.3483;98.80475817
1897.44;0.3182;108.8737578
1896.71;0.3684;113.1314995
1894.99;0.3417;127.8142623
1892.9;0.3617;117.7304575
1889.49;0.4157;101.4220102
1888.99;0.3753;100.9126135
1884.64;0.3953;133.1811717
1884.12;0.5567;177.9178005
1884.11;0.3617;111.7647856
1883.84;0.4915;118.5416702
1881.07;0.3953;139.9817647
1880.57;0.4728;115.1245528
1879.54;0.2328;90.95525581
1878.62;0.1721;23.43004444
1877.82;0.2922;24.16092857
1877.07;0.3953;117.115947
1874.63;0.2225;72.45033835
1873.86;0.2157;71.29944773
1873.82;0.2328;245.5235714
1872.97;0.5224;114.5939944
1872.32;0.3417;122.1518095
1872.03;0.3757;126.192911
1871.43;0.2621;99.73402878
1871.13;0.3757;125.7074136
1870.55;0.2621;111.2984795
1868.3;0.3503;556.9732931
1867.21;0.3251;34.39224044
1866.71;0.4189;106.6151805
1866.45;0.1683;112.0106731
1862.48;0.5224;185.6500733
1861.25;0.3315;88.35386179
1860.49;0.6438;185.1783333
1859.04;0.36;122.7437149
1858.42;0.3647;98.62070423
1856.93;0.429;92.86153571
1856.32;0.1869;176.0950281
1854.32;0.3953;123.7637468
1853.59;0.5719;194.7979644
1853.22;0.3378;88.33224532
1849.09;0.4728;135.6484858
1848.97;0.288;122.4897615
1847.51;0.4345;105.4605088
1845.33;0.5224;135.8974873
1844.11;0.2538;94.87400881
1842.81;0.2157;76.51366025
1841.57;0.3684;132.8787705
1840.29;0.3953;125.7618081
1840.04;0.2553;125.2106094
1838.29;0.5567;62.76126359
1837.55;0.3483;88.49913303
1837.39;0.2225;64.48573494
1837.16;0.3647;101.8108749
1836.67;0.377;128.4847414
1832.91;0.36;110.8751082
1832.77;0.4728;101.4647423
1830.18;0.3753;119.5667934
1828.53;0.6284;122.0047273
1827.68;0.3408;129.7827337
1826.73;0.2837;110.9385215
1823.77;0.1769;162.4446651
1821.48;0.2328;141.9590373
1821.38;0.1683;116.4354255
1821.35;0.3109;126.495
1820.12;0.2225;72.6945679
1819.85;0.5296;75.48849145
1818.18;0.2225;66.0780027
1817.62;0.2527;107.6194417
1815.72;0.8666;178.9641118
1815.66;0.3109;137.2124898
1815.14;0.2829;100.8516473
1815.13;0.4064;105.2372816
1814.63;0.3315;110.320854
1813.26;0.3483;88.75238347
1812.79;0.4482;110.2631697
1811.96;0.1869;186.4800354
1806.55;0.2225;84.81206226
1803.38;0.2328;59.5908982
1803.12;0.2922;9.390117146
1802.08;0.1882;125.6410349
1801.74;0.2511;116.5513273
1800.71;0.2922;44.52612111
1800.4;0.2157;116.577598
1800.08;0.4437;128.3995414
1799.01;0.3617;88.43932551
1798.97;0.5567;198.3458444
1798.6;0.4345;67.31609314
1796.4;0.3735;116.721559
1795.38;0.2621;90.11664286
1792.66;0.2538;116.8846207
1790.95;0.1487;137.137
1789.58;0.2157;86.73271375
1784.85;0.3684;144.9889157
1784.67;0.1721;127.801136
1784.4;0.2621;109.4592749
1783.8;0.2888;79.90944664
1779.39;0.3953;121.6592814
1778.66;0.3315;102.1136011
1774.43;0.271;139.742721
1774.22;0.2922;157.9583056
1772.98;0.3251;50.87503411
1771.02;0.2829;111.2181701
1769.47;0.3617;106.416724
1769.32;0.3647;101.0799736
1768.95;0.3408;142.3812613
1765.41;0.27;138.5983333
1764;0.3757;114.3782497
1763.52;0.2043;174.5302397
1762.45;0.3483;100.2180717
1762.26;0.3694;154.2450864
1762.09;0.2511;82.50716173
1760.52;0.3483;96.52102833
1757.68;0.3647;101.1404187
1755.71;0.1487;136.9688243
1754.22;0.4064;86.18523214
1753.98;0.9531;112.664408
1753.71;0.3378;145.3318367
1750.6;0.2328;172.3639252
1750.22;0.4728;126.9132884
1748.56;0.4064;98.55106646
1746.76;0.3953;128.1377656
1745.69;0.2247;137.7736471
1745.63;0.1683;175.8315904
1744.51;0.4189;81.32059435
1743.98;0.2225;105.0211439
1743.97;0.2538;87.83970286
1738.68;0.288;116.8189229
1738.38;0.2922;120.795067
1730.82;0.3483;113.3634338
1728.57;0.288;117.462385
1727.23;0.2717;63.54772579
1721.07;0.4819;107.0686978
1719.86;0.3109;138.6793548
1719.83;0.2922;131.2048562
1719.72;0.2043;179.7375624
1718.29;0.2328;124.2458363
1716.45;0.3953;117.1191474
1716.18;0.2247;140.9541961
1714.58;0.2837;100.556319
1713.93;0.3417;111.4683541
1713.03;0.3472;156.2435567
1711.57;0.3472;148.856451
1711.32;0.5877;102.7218493
1710.71;0.3109;119.3376293
1710.65;0.5224;123.1151057
1708.57;0.3201;126.4022122
1708.18;0.2247;81.91886677
1707.6;0.3953;131.6954366
1707.02;0.4189;86.69873278
1705.99;0.3472;134.2278278
1704.92;0.5567;145.8280337
1702.43;0.36;118.653913
1702.34;0.3503;165.4051256
1699.78;0.2717;94.3319859
1699.49;0.3417;89.83048485
1699.05;0.5877;76.62081448
1698.29;0.3735;104.4588397
1698.15;0.3953;124.5206812
1696.11;0.429;88.72511429
1695.69;0.3251;43.54567775
1694.12;0.2511;107.9710071
1694.05;0.1902;121.4350323
1692.1;0.2621;97.65511521
1691.73;0.3753;119.0210501
1691.72;0.2238;76.54631307
1691.56;0.3315;85.21746835
1690.41;0.3753;116.9066667
1688.01;0.3694;109.8613079
1686.83;0.3694;126.9393537
1686.7;0.5224;121.651299
1686.36;0.4671;118.8619718
1686.06;0.3612;93.434
1685.85;0.3483;117.8512785
1685.23;0.6948;110.5545806
1683.51;0.4671;148.9202635
1680.75;0.4189;105.6271282
1680.56;0.1721;119.4081779
1680.5;0.3684;87.73749638
1677.96;0.3953;122.7875844
1677.82;0.1869;105.6765759
1676.93;0.5874;118.1371296
1674.89;0.1949;141.0889231
1673.18;0.4437;162.5687437
1671.69;0.1721;121.4054857
1671.42;0.3735;95.25126083
1670.97;0.3953;114.7098191
1669.74;0.3378;116.9601823
1669.49;0.2837;129.3582577
1669.31;0.3315;123.3685
1669.08;0.2328;106.5925238
1667.62;0.2431;108.7497884
1667.44;0.4189;119.8256384
1666.11;0.2511;116.2411676
1666.08;0.2328;103.6484785
1665.88;0.2901;62.04731649
1661.84;0.5106;141.2961413
1660.33;0.4998;86.89586507
1659.47;0.2837;92.58868085
1657.75;0.4064;101.1198734
1656.98;0.4189;128.7540811
1656.95;0.4728;104.7688664
1656.83;0.1983;102.7965722
1656.3;0.2328;138.9282599
1656.19;0.2225;86.34946502
1656.1;0.4345;83.11333333
1655.85;0.3647;110.0023137
1654.93;0.3757;121.0057416
1654.74;0.2328;121.0882386
1654.05;0.2837;96.39785146
1653.99;0.3417;116.3841346
1650.74;0.2511;98.91583893
1648.31;0.2621;124.9823428
1647.5;0.3503;85.85521649
1645.44;0.1811;166.2022816
1643.37;0.2857;87.59523411
1642.98;0.2837;115.7949688
1641.95;0.3757;139.4963886
1641.41;0.4064;113.1351571
1641.02;0.36;111.2727455
1640.98;0.3617;124.0139763
1638.83;0.2829;115.5806951
1637.3;0.2157;101.173581
1635.82;0.2922;154.1854825
1635.12;0.3251;81.2396662
1633.73;0.5877;103.1471661
1632.61;0.3472;124.097321
1631.21;0.2238;103.4596964
1630.09;0.3757;163.1258436
1628.74;0.2328;108.3956677
1625.71;0.4189;113.3248848
1625.38;0.36;109.4053552
1624.22;0.4064;89.38431983
1622.44;0.1487;115.8365672
1621.47;0.3417;116.7197132
1621.06;0.2837;104.1157254
1620.4;0.2621;105.4260978
1619.58;0.3617;108.1711869
1619.56;0.2922;123.7161133
1618.84;0.1821;104.9253217
1618.32;0.2888;127.6143171
1617.68;0.3735;111.2665474
1614.83;0.3953;125.2699766
1613.52;0.3953;114.3204517
1613.19;0.3408;125.562144
1612.71;0.7931;120.0171943
1611.86;0.2829;117.1326589
1609.37;0.2247;119.9451416
1608.83;0.3109;170.5209013
1606.41;0.3684;107.1892704
1605.74;0.2621;167.090075
1605.63;0.3753;123.7350103
1604.71;0.2901;82.13569153
1604.64;0.5176;116.3127505
1603.92;0.3483;102.7810992
1603.31;0.2922;114.1416978
1601.78;0.3315;103.2574638
1600.51;0.1721;140.2163317
1600.29;0.2238;108.0157818
1599.77;0.2538;87.0816092
1599.51;0.2837;114.4945709
1599.36;0.3753;79.09284
1598.95;0.4064;92.80666139
1597.78;0.36;116.6361672
1596.97;0.2511;119.1515088
1596.63;0.2225;72.01736785
1596.51;0.3684;107.1263523
1596.26;0.4189;105.1509299
1595.07;0.2829;110.9284848
1594.38;0.4915;98.88909091
1592.06;0.1721;133.8765394
1589.71;0.3617;101.2154865
1588.75;0.3647;101.6327184
1584.52;0.3753;99.63712538
1582.99;0.3417;123.47125
1581.7;0.3612;101.3306306
1581.44;0.6948;134.8650917
1581.39;0.3417;68.81932331
1581.09;0.3251;83.26217284
1579.97;0.2717;104.9043922
1578.26;0.429;107.7733333
1577.19;0.36;103.7782838
1576.32;0.3315;105.5864074
1575.95;0.288;111.0234724
1574.61;0.1683;109.0937726
1574.23;0.3483;94.56553314
1572.89;0.2236;71.389806
1571.31;0.2527;158.3608163
1570.51;0.429;151.6331884
1570.08;0.2328;106.8032124
1568.57;0.1683;104.2063288
1568.25;0.2328;130.0158162
1562.28;0.2527;100.6730917
1560.35;0.2298;51.55449198
1553.56;0.2431;91.37207581
1552.13;0.2922;119.3299607
1550.56;0.2901;98.38106529
1549.9;0.3251;47.16121212
1549.37;0.3483;119.8452174
1547.27;0.3647;94.37940235
1545.63;0.3753;101.7992166
1544.83;0.2901;81.76244493
1542.59;0.3417;107.8182713
1541.86;0.3417;117.6874771
1540.39;0.2717;106.686194
1539.82;0.3315;91.60252632
1535.88;0.2901;84.85094258
1535.83;0.2717;89.45186667
1535.48;0.3617;125.4747982
1535.34;0.2621;125.5125134
1535;0.3647;100.1427188
1534.74;0.271;107.8147378
1534.29;0.8597;146.1165749
1532.15;0.2247;102.4550239
1529.38;0.4189;146.2453277
1527.6;0.1721;114.8484083
1527.43;0.2997;73.86381625
1526.96;0.1721;108.9546718
1525.28;0.3735;111.4790856
1524.74;0.3617;100.1347462
1522.96;0.2997;90.60293769
1522.76;0.2621;115.4437168
1522.71;0.2247;75.83834686
1522.33;0.1821;105.1432999
1520.33;0.2157;82.00280303
1519.79;0.4189;68.02912043
1517.99;0.3503;55.45132795
1517.36;0.2717;70.79280433
1515.67;0.2157;81.87405204
1515.43;0.3757;120.3033115
1515.34;0.3735;112.9546399
1514.29;0.2328;154.9819913
1513.91;0.505;104.8572901
1513.37;0.2186;86.91050661
1512.2;0.2922;125.4590813
1509.24;0.2553;120.730465
1509.2;0.4915;101.55125
1508.53;0.3735;110.5149135
1507.12;0.4345;85.32411215
1506.7;0.6285;129.5989213
1505.22;0.3617;106.7430213
1504.6;0.2621;103.0879468
1502.95;0.1679;124.0369655
1502.16;0.2717;84.31015584
1501.2;0.3735;100.8103943
1499.67;0.1721;105.8503918
1498.68;0.2621;128.78
1496.9;0.3647;72.88506305
1494.24;0.2186;113.8578606
1494.01;0.2922;151.9746957
1491.63;0.3735;114.1082078
1491.45;0.2922;119.0440652
1490.38;0.3109;132.1721492
1490.33;0.6948;171.8461412
1489.01;0.1869;108.7481091
1488.44;0.4998;104.8958202
1486.87;0.2247;104.9024083
1486.54;0.3417;109.2357225
1485.43;0.1721;121.3367703
1484.36;0.2157;16.77430622
1483.68;0.2901;75.96355828
1483.53;0.2847;101.2714024
1482.63;0.3378;94.70263817
1480.11;0.2922;120.1965306
1479.26;0.1769;109.4174471
1478.66;0.3617;125.8971166
1476.56;0.17;124.1769781
1476.25;0.3483;120.0983926
1475.04;0.2236;112.1639885
1472.34;0.2837;85.04838072
1468.76;0.3694;127.3807681
1467.74;0.1721;126.3802217
1467.63;0.3408;126.3471386
1465.38;0.3201;89.26832289
1463.72;0.1902;119.1525513
1462.66;0.2997;91.39614431
1460.92;0.1721;69.43211215
1460.67;0.5106;129.7820065
1459.5;0.1363;133.0527865
1459.11;0.1811;134.4702302
1459.02;0.3251;34.99371429
1458.05;0.3757;130.7100834
1457.23;0.1869;76.07800177
1456.63;0.3694;117.6292807
1456.32;0.2553;115.2122297
1455.29;0.2997;120.9651192
1454.16;0.4189;126.7832026
1453.71;0.2997;98.75742857
1453.14;0.2901;97.71144444
1448.05;0.17;141.5092571
1447.57;0.3251;53.3487747
1447.37;0.2837;120.6486731
1447.16;0.3417;128.1804071
1447.14;0.2997;110.4359322
1445.42;0.2328;103.3450835
1444.45;0.4671;136.354946
1444.38;0.1679;73.17532874
1444.33;0.3694;118.4087603
1441.83;0.2997;76.65725191
1441.83;0.1902;85.87421471
1441.52;0.3251;65.54298898
1441.15;0.3109;163.1814904
1439.19;0.2922;106.64628
1438.69;0.1721;111.267225
1438.24;0.2997;104.1925599
1437.92;0.1721;53.75779141
1437.6;0.2431;103.2385271
1436.56;0.5874;111.2605019
1435.24;0.1721;113.6846765
1434.83;0.3617;132.7990133
1434.66;0.3612;127.139905
1434.64;0.2922;118.6521481
1433.36;0.3182;118.419801
1433.04;0.3378;169.1547059
1431.64;0.3408;116.7744737
1430.8;0.3201;274.7453088
1427.95;0.2298;119.2498715
1427.76;0.2511;153.6426056
1426.92;0.3378;88.96551667
1426.3;0.3417;120.6490152
1425.03;0.4819;75.16361851
1424.48;0.9531;369.9931068
1422.75;0.3417;146.7803301
1422.34;0.2922;101.5995513
1420.72;0.1679;119.8316096
1420.19;0.4998;112.3505385
1418.56;0.1949;118.1744665
1418.21;0.288;124.6990973
1418.2;0.27;93.4601322
1417.53;0.2328;115.2253299
1416.08;0.2997;86.90658625
1416.04;0.3483;93.2003879
1415.91;0.3694;106.9075931
1415.48;0.2621;112.0877195
1413.97;0.3408;125.0152139
1413.34;0.4671;100.9982208
1413.13;0.17;111.242839
1412.86;0.9531;113.2185571
1410.73;0.3251;51.08057018
1409.89;0.2298;84.71324138
1409.35;0.2901;50.3166884
1408.55;0.2461;116.2141997
1405.7;0.4728;89.93771177
1405.4;0.1882;88.75744792
1403.88;0.4189;102.1221732
1402.39;0.3694;124.9333764
1401.24;0.1902;122.998444
1401;0.3757;119.786557
1400.94;0.288;120.2253251
1400.44;0.2922;105.292231
1399.89;0.4064;72.79435356
1399.32;0.36;99.88105882
1399.07;0.5296;87.80468714
1398.6;0.2328;89.60435567
1397.99;0.3757;120.5701607
1397.91;0.36;106.0152194
1397.81;0.3757;128.6323707
1397.08;0.3417;115.8209807
1395.36;0.2527;114.5866667
1394.72;0.572;130.4166029
1394.68;0.3472;126.8876259
1394;0.3109;126.5229668
1393.78;0.1721;115.0748593
1393.76;0.3735;118.1183666
1391.69;0.2847;105.7275053
1388.19;0.2043;100.4877306
1387.66;0.2328;104.1682819
1387.39;0.3109;137.2816822
1386.7;0.2225;98.6828125
1385.96;0.1386;112.6941253
1385.75;0.2538;93.12976552
1385.1;0.2717;76.60859632
1383.49;0.2431;95.83524372
1383.37;0.2621;149.026822
1382.86;0.2157;69.31738573
1382.54;0.2157;86.20088496
1382.22;0.1869;101.8555732
1380.97;0.1683;113.665586
1380;0.4819;102.4581026
1379.11;0.2997;112.1181377
1378.95;0.2238;112.6399673
1374.8;0.2922;157.4454198
1374.13;0.1869;131.1341344
1373.68;0.3617;102.231388
1373.62;0.2901;92.82636225
1373.35;0.2043;136.3731365
1372.94;0.8666;99.825662
1371.58;0.3694;133.0050713
1370.52;0.3408;102.0702828
1370.04;0.3757;118.8204771
1369.72;0.2157;86.49974587
1369.31;0.2157;57.23274962
1368.75;0.1363;112.4503356
1368.2;0.2538;100.5859857
1368.15;0.2841;117.6878227
1367.17;0.3408;136.013036
1365.5;0.4189;128.0000596
1365;0.3612;82.45076716
1362.51;0.1902;124.019052
1362.11;0.2511;162.4535735
1360.85;0.3251;38.6642191
1358.78;0.1683;132.0896206
1358.77;0.2225;84.42665871
1358.65;0.3483;108.3699783
1358.4;0.1902;101.9364164
1358.22;0.3417;116.5867514
1357.56;0.1683;115.2686108
1356.84;0.3684;80.0824305
1356.82;0.2922;135.1179198
1356.36;0.377;98.92599327
1355.58;0.1721;99.70124575
1355.53;0.2857;109.6473434
1354.16;0.1983;59.41185263
1352.52;0.3953;111.2032614
1352.35;0.1869;112.6183235
1351.94;0.3753;109.4226618
1351.2;0.3753;109.4241711
1350.66;0.1869;169.4392174
1349.86;0.3408;111.0020468
1349.29;0.2043;130.4009406
1348.48;0.1721;124.46998
1348.29;0.3735;93.41079235
1346.66;0.2922;113.7690873
1346.59;0.2538;101.8881455
1343.28;0.2238;74.92015456
1343.25;0.3757;107.7060229
1342;0.3684;116.4069352
1341.68;0.2717;63.33699885
1341.34;0.17;98.74530673
1341.06;0.3647;104.6011208
1340.94;0.2157;97.62928922
1340.51;0.2837;110.3582728
1340.11;0.2997;74.22437012
1340.1;0.1902;105.1591704
1339.83;0.2328;72.29997845
1338.28;0.2328;98.71926505
1338.06;0.8666;113.4455616
1336.66;0.27;94.39101449
1336.42;0.2717;42.94075736
1335.71;0.2538;95.16016282
1335.69;0.3757;111.1859239
1335.38;0.3953;118.2897143
1335.1;0.4671;103.209681
1334.56;0.3315;102.7187749
1333.76;0.1679;86.65350637
1333.38;0.2238;76.31961268
1332.43;0.3757;69.64516411
1331.84;0.1683;121.4953553
1331.3;0.1869;139.9084258
1331.08;0.2901;81.98889595
1329.74;0.1821;105.2419942
1329.46;0.3251;51.23150198
1328.65;0.2238;101.5396117
1328.6;0.2901;67.81240334
1328.01;0.3182;97.76845982
1326.91;0.2328;103.5553939
1326.83;0.1902;121.2583268
1323.76;0.1949;110.8057546
1323.18;0.2638;9.852543554
1321.9;0.5296;127.5954343
1316.35;0.2236;107.2959091
1315.92;0.2328;84.97942446
1315.58;0.3251;77.54626459
1315.17;0.3378;76.41909187
1314.89;0.3503;91.68055823
1314.62;0.3757;100.0648
1314.48;0.1721;97.18598248
1314.11;0.4345;92.42230769
1312.66;0.2431;110.0223935
1309.52;0.2829;104.1759755
1309.35;0.1821;144.5944528
1309.33;0.429;82.961409
1307.4;0.3417;130.2121499
1306.82;0.2837;105.9570102
1306.19;0.2538;91.73846952
1305.51;0.3483;83.310341
1305.43;0.2829;105.599449
1305.4;0.2328;130.1096211
1305.23;0.3408;114.2090487
1305.12;0.3109;107.5548138
1302.19;0.2901;87.0311502
1301.03;0.2922;118.2166476
1300.47;0.3757;136.8532143
1300.09;0.2186;116.2694976
1299.83;0.2901;88.82991283
1299.46;0.1721;118.4253019
1299.01;0.2901;87.845482
1298.17;0.2328;95.58746875
1296.38;0.2841;136.4304494
1295.67;0.2186;108.9695193
1295.35;0.5224;54.97001443
1294.88;0.2857;111.3186823
1294.76;0.2186;96.34432432
1292.91;0.3378;65.83266298
1292.87;0.2157;78.05784038
1291.12;0.2997;93.68082645
1290.53;0.3694;104.3329698
1288.19;0.1869;118.1437131
1287.16;0.3757;120.8760056
1286.7;0.2043;120.7714614
1286.22;0.1721;117.1399045
1285.81;0.4482;104.2258937
1285.28;0.5719;106.3549309
1284.71;0.3408;103.8170299
1284.66;0.2538;89.08301205
1283.6;0.3735;113.0273116
1282.64;0.2236;97.41238764
1281.67;0.5567;143.6661772
1280.34;0.3201;103.4337338
1280.07;0.2901;74.98370526
1278.76;0.1363;105.3185864
1277.84;0.2888;101.7926023
1277.43;0.3408;120.2002996
1276.98;0.2236;79.69516535
1276.93;0.5296;102.6059027
1276.81;0.2157;69.72015625
1276.6;0.3472;105.2655367
1276.13;0.1363;98.08606498
1274.32;0.2621;111.3573998
1274.25;0.1983;120.6231498
1272.57;0.2621;133.0667742
1272.14;0.2829;103.2429821
1271.8;0.2328;97.32183784
1271.3;0.2829;73.85353846
1269.44;0.1902;122.0989599
1269.31;0.3417;135.5026603
1269.06;0.1721;109.7193226
1268.81;0.3904;101.473356
1268.11;0.1721;107.6037143
1267.74;0.2717;51.64397906
1267.61;0.2298;92.61468189
1267.2;0.2043;108.1067
1266.53;0.2186;82.78172308
1265.92;0.1949;105.3946616
1265.48;0.1386;102.9917647
1265.13;0.2901;93.93673509
1264.47;0.1949;126.8255679
1264.11;0.2238;68.35563751
1264.05;0.1949;111.2850068
1263.82;0.3503;155.9539944
1262.28;0.2901;97.14921114
1262.11;0.2247;113.7940371
1260.88;0.2621;113.322975
1259.2;0.1721;119.7182028
1259.19;0.2186;80.9845641
1259.07;0.3612;88.51083871
1259.01;0.2621;124.9937402
1258.83;0.2829;96.24867735
1258.14;0.3417;131.1784703
1258.05;0.1679;124.0454034
1257.68;0.3315;78.22022814
1255.48;0.2298;69.11112745
1254.73;0.2225;97.65940161
1254.15;0.2997;85.78231465
1253.56;0.2997;88.4426014
1252.98;0.2717;65.64453809
1251.28;0.3757;125.3291352
1250.86;0.2538;74.44862866
1250.67;0.2043;111.524022
1249.96;0.3378;133.0274041
1248.31;0.4728;136.66326
1248.21;0.3201;94.85893564
1247.37;0.2527;92.67942408
1246.53;0.5719;101.3634274
1246.28;0.2621;119.549526
1246.2;0.2527;110.4135007
1245.92;0.1683;116.6035345
1245.21;0.2461;105.544195
1245.13;0.3201;102.4349281
1244.23;0.3315;102.5720555
1243.19;0.3694;126.163272
1242.66;0.2225;73.41396709
1242.27;0.2157;68.69082513
1241.22;0.2236;98.99085366
1239.75;0.3251;70.66088328
1239.65;0.3109;113.2905174
1239.04;0.2328;118.0201124
1238.76;0.4189;148.4586306
1238.64;0.2997;97.11848661
1238.47;0.3315;97.60368317
1238.32;0.3378;105.5935209
1238.27;0.5106;117.035027
1237.4;0.2888;127.829224
1237.14;0.2538;113.7866868
1236.43;0.2157;74.66574215
1235.31;0.377;104.8908786
1234.94;0.1683;98.79967366
1234.08;0.2157;67.62438727
1233.93;0.2043;119.2359021
1233.43;0.2527;106.5717003
1233.37;0.2186;105.0909309
1232.5;0.1386;97.8173028
1232.49;0.2997;94.05637143
1232.27;0.2328;99.08695035
1229.91;0.429;111.4195033
1229.37;0.2431;101.9776132
1228.74;0.2328;129.2195343
1228.57;0.3757;105.8820308
1227.98;0.2857;143.4641344
1227.79;0.288;100.9787087
1226.64;0.3315;104.0835275
1226.22;0.3378;69.00539634
1226.11;0.1363;110.362893
1224.67;0.2829;108.8420187
1224.48;0.2717;82.41126168
1224.06;0.2841;111.1219455
1222.13;0.4482;63.77149461
1221.96;0.1902;110.5936264
1221.66;0.2225;78.85049545
1221.62;0.3647;94.06622568
1220.37;0.2841;131.0674773
1219.63;0.2236;110.1502929
1218.87;0.2717;78.24162586
1218.49;0.1902;111.5529503
1217.41;0.2043;104.501606
1217.22;0.4157;94.9888284
1216.12;0.3378;81.64823799
1215.1;0.3182;74.51334324
1214.79;0.1902;140.2387631
1214.34;0.3417;117.5977394
1213.96;0.3735;91.67536735
1213.77;0.2997;96.69464342
1213.61;0.3735;118.2192571
1212.16;0.2238;82.6864898
1211.68;0.17;106.1860589
1210.32;0.1386;98.5124734
1210.24;0.4482;65.31806452
1210.13;0.5106;123.4884805
1209.97;0.2717;49.49181518
1209.81;0.3503;122.407004
1209.79;0.3109;116.1164066
1209.22;0.2829;117.7028667
1208.98;0.2043;81.66520482
1208.74;0.2236;93.05576087
1204.28;0.1487;116.6700518
1203.35;0.2841;107.8277447
1202.7;0.4437;136.2145025
1202.39;0.5296;91.34490783
1202.33;0.2328;113.1330083
1202.09;0.2186;319.0251587
1202.07;0.429;92.31281337
1201.34;0.1721;92.14667241
1200.94;0.4728;97.63242026
1200.09;0.1882;68.83205276
1199.03;0.2538;91.15916279
1198.56;0.1386;103.0244426
1198.32;0.1487;110.4546314
1197.7;0.3503;92.14456355
1196.93;0.1363;90.72444444
1196.66;0.2527;84.62423792
1196.04;0.2922;129.5694266
1195.61;0.2157;103.9987994
1194.44;0.3315;103.2476578
1194.3;0.8597;91.20172911
1194.26;0.2186;102.1764014
1193.27;0.2901;75.82256329
1193.08;0.36;86.99588616
1191.74;0.2538;87.9863354
1191.74;0.2236;102.6591512
1190.85;0.2901;103.0478261
1190.81;0.2225;63.50534622
1190.71;0.1386;89.54351585
1189.67;0.2621;118.5419304
1189.62;0.429;102.6151295
1188.32;0.3735;98.24028235
1188.01;0.3417;117.5262849
1187.97;0.2328;92.12068966
1187.75;0.5224;131.5553834
1187.65;0.2997;108.4688968
1187.6;0.3757;124.2683317
1187.13;0.1949;117.9277528
1186.93;0.3315;93.58946708
1186.92;0.2717;72.90208122
1186.33;0.2328;96.59444104
1184.66;0.1821;93.02910828
1184.63;0.2901;60.72913919
1183.04;0.2328;79.75086154
1182;0.3757;121.8741852
1179.88;0.2717;64.82241062
1179.58;0.2997;99.65941924
1177.76;0.2157;58.66228782
1177.53;0.2328;95.77929515
1176.77;0.4189;92.20361783
1176.14;0.2997;98.81171662
1175.33;0.1386;109.8712183
1174.61;0.2328;97.77239049
1174.27;0.1983;106.4733449
1174.06;0.3617;129.8812947
1172.39;0.1683;96.68794063
1171;0.2901;82.0060177
1168.61;0.1902;119.6389046
1167.98;0.1949;108.8028131
1167.94;0.2621;87.18305253
1166.14;0.27;103.1025146
1165.68;0.1487;109.2234256
1163.74;0.2901;95.15343795
1162.27;0.1386;96.03340824
1161.89;0.1067;90.78965229
1160.06;0.2236;92.84292576
1159.2;0.2538;88.27875543
1158.55;0.1902;147.3939417
1157.98;0.2225;59.65365888
1157.3;0.17;15.59151057
1157.04;0.1949;115.9878064
1156.81;0.2298;66.31603157
1156.46;0.2157;79.21055477
1155.81;0.2461;119.8250853
1155.76;0.2553;108.1291588
1155.64;0.2717;78.87863921
1155.45;0.3315;100.022167
1154.97;0.6625;114.1361948
1154.56;0.2431;95.889534
1154.25;0.2829;82.32424821
1153.78;0.1683;107.7584934
1153.24;0.3315;106.2030602
1152.65;0.2621;84.4584835
1152.57;0.2186;108.0527059
1151.73;0.2461;114.1996787
1150.32;0.17;113.4785907
1150.3;0.2238;65.43814969
1150.18;0.2238;110.4590759
1149.88;0.2298;92.26715812
1149.28;0.1821;93.1276378
1149.21;0.1821;86.23773626
1149.09;0.2829;117.944263
1148.48;0.4915;101.9246877
1148.19;0.2186;94.78928389
1147.98;0.2527;79.30496536
1146.78;0.2328;106.2888916
1146.48;0.429;84.91570922
1144.91;0.4728;93.7518862
1144.81;0.1821;65.18809969
1144.49;0.2431;107.3534322
1144.07;0.2717;71.62726444
1143.8;0.1949;105.0591911
1143.55;0.5224;204.113494
1142.62;0.2238;76.17615152
1141.66;0.3315;123.2484316
1141.4;0.2247;110.0193878
1141.23;0.2997;89.17075082
1141.17;0.2922;115.8646651
1141.14;0.271;122.1737423
1140.15;0.2997;73.43788344
1138.82;0.1902;110.2497182
1138.53;0.2829;117.0285777
1137.33;0.17;122.5234655
1137.11;0.2621;97.12182163
1135.8;0.429;71.735093
1135.61;0.2621;116.0434117
1135.54;0.2043;110.8197419
1135.45;0.2717;55.22441913
1135.37;0.4915;89.11817536
1133.33;0.27;104.8609807
1132.91;0.2901;71.50234043
1130.63;0.4998;74.24095238
1130.39;0.2225;100.4057778
1129.93;0.1821;36.47861751
1129.61;0.4915;125.804733
1129.51;0.1949;91.97747368
1129.24;0.1487;112.1498899
1128.63;0.2857;113.0370175
1128.13;0.2922;99.93908903
1128.02;0.2621;128.9887968
1127.05;0.1683;113.0380063
1126.8;0.2298;85.00274809
1126.77;0.3503;279.0037968
1126.66;0.3472;133.7152684
1126.57;0.1769;53.54070707
1126.07;0.2461;102.590802
1125.51;0.3315;87.98831216
1123.42;0.1721;107.2558766
1123.16;0.2997;82.76438538
1122.48;0.2157;96.40969194
1121.99;0.2186;96.60505393
1121.3;0.2247;106.1273621
1121.15;0.2186;98.5085968
1120.1;0.2431;114.6256812
1120.03;0.1683;111.9444619
1119.22;0.27;110.683004
1119.08;0.1386;99.63206897
1118.19;0.2298;101.6994417
1118.14;0.2538;81.35495327
1117.3;0.1721;94.60731377
1117.3;0.1683;107.7940909
1115.99;0.2538;67.67673344
1114.88;0.1821;298.4343529
1114.55;0.1721;176.8223771
1114.44;0.1721;87.34167344
1114.34;0.2328;99.32045153
1113.77;0.2527;73.42185185
1113.58;0.1721;152.1921446
1111.56;0.1949;100.2994016
1111.4;0.2225;66.3838493
1110.88;0.8597;104.7829032
1110.72;0.2236;94.4752
1110.59;0.1869;122.6076738
1110.59;0.1949;112.8376233
1110.34;0.27;84.11390104
1109.54;0.288;103.5845977
1109.53;0.5296;88.67382189
1109.42;0.2841;101.9592114
1108.56;0.3647;98.67389153
1108.2;0.17;95.34003968
1107.46;0.2157;90.86725832
1106.46;0.2043;114.5020771
1105.46;0.2186;80.26451064
1104.48;0.2157;90.84283951
1103.95;0.377;66.90243032
1103.57;0.1363;124.6604861
1103.11;0.1363;67.16044444
1102.62;0.2538;128.0843724
1101.75;0.1487;138.9272171
1101.73;0.271;129.4725644
1101.42;0.2186;94.87522546
1099.73;0.2328;117.8983753
1098.98;0.2238;77.76024814
1097.82;0.1363;91.03684822
1097.13;0.3378;82.27552833
1096.58;0.2225;75.08101337
1095.52;0.2238;81.13385214
1095.18;0.2186;90.49564417
1094.36;0.2186;76.26656637
1094.03;0.2238;48.4515847
1093.18;0.2328;94.65650901
1092.69;0.2236;87.91117566
1092.24;0.1983;112.2373666
1092.04;0.2717;46.47052879
1090.47;0.429;103.7269034
1090.13;0.2157;67.15714939
1089.89;0.27;93.31537354
1089.87;0.1683;89.8589911
1088.79;0.5719;125.8654777
1088.78;0.3378;103.1954601
1088.53;0.2157;106.6290853
1085.84;0.6948;110.1289894
1085.78;0.1902;106.7101563
1085.12;0.3953;98.91173554
1083.22;0.17;122.7978644
1083.1;0.5296;87.65531532
1082.94;0.3483;80.19692627
1082.5;0.2328;95.46426934
1082.42;0.2997;80.66609481
1081.83;0.1721;108.3934979
1081.25;0.4728;101.8442149
1080.71;0.2157;88.30768924
1079.51;0.3647;94.65571765
1079.47;0.2157;84.61705954
1079.12;0.2829;88.9868106
1078.28;0.2328;92.39456439
1078.09;0.2186;86.23626062
1077.62;0.1882;63.92682281
1077.49;0.2621;111.5907021
1077.33;0.3757;99.79238267
1077.07;0.377;78.3708656
1076.93;0.3503;36.82726201
1075.82;0.3315;90.47498328
1075.14;0.4482;96.667981
1074.82;0.1067;123.8226367
1074.78;0.1821;88.7213933
1073.4;0.1821;77.10269953
1073.16;0.2157;73.30409867
1072.88;0.1721;130.2925792
1072.27;0.2621;112.7270719
1070.03;0.3503;87.73205527
1069.98;0.2225;76.54568588
1068.76;0.2328;95.40080972
1068.61;0.2247;95.74490566
1068.37;0.2538;82.77760593
1068.18;0.5567;86.62414843
1067.45;0.3045;82.68261364
1067.02;0.2238;71.8281491
1066.29;0.2841;111.226875
1066.21;0.4671;95.52175084
1065.43;0.1721;90.27237845
1065.33;0.2157;65.681088
1065.29;0.17;107.784858
1064.67;0.4482;94.56225527
1063.75;0.2527;103.3908324
1063.23;0.2922;102.2152954
1062.93;0.2186;107.3468595
1060.98;0.1949;110.7256581
1060.11;0.1683;106.0807728
1059.52;0.3378;93.4418721
1059.15;0.17;110.0538906
1058.48;0.2461;100.0508278
1057.97;0.2157;71.22908367
1057.79;0.2922;123.3085983
1057.7;0.17;94.49194444
1057.36;0.2157;75.47767025
1057.32;0.1949;120.512997
1056.49;0.2236;112.0285053
1056.13;0.2236;87.14052918
1055.48;0.1679;93.64831683
1054.63;0.2717;68.83521277
1054.36;0.2328;107.0205021
1052.32;0.2157;82.18291771
1052;0.2298;82.38521459
1050.83;0.1983;114.5470406
1050.54;0.2236;91.39931559
1050.52;0.2328;103.2244641
1049.44;0.17;116.9314161
1049.2;0.17;21.1254
1048.58;0.288;113.4737931
1047.32;0.2247;103.7897949
1047.11;0.1487;95.9
1046.94;0.2225;55.46122314
1046.77;0.3109;114.257675
1046.22;0.2186;84.56794908
1045.74;0.2157;85.13821277
1045.33;0.4345;64.9804507
1045.2;0.1869;93.57748521
1045.11;0.2328;140.6477301
1045.01;0.7176;181.6339434
1043.82;0.2157;70.24652318
1043.11;0.288;117.2708439
1042.82;0.1902;121.9853779
1042.54;0.1902;107.96
1042.4;0.1067;100.1528834
1042.31;0.2157;86.78609929
1041.86;0.2717;72.25897511
1040.71;0.1683;108.6508816
1040.62;0.2157;113.4274375
1039.68;0.2157;86.22578355
1039.48;0.2511;121.239312
1039.23;0.1487;118.5879718
1038.8;0.17;115.8494799
1038.65;0.2922;116.5417279
1038.57;0.2621;131.6080321
1037.98;0.2247;84.28786948
1037.76;0.2717;106.4207399
1036.72;0.1821;67.94128492
1036.55;0.2225;69.70851711
1036.52;0.17;127.3188836
1036.27;0.1067;96.50299296
1036.14;0.1949;112.833342
1035.97;0.1386;115.7440888
1035.76;0.3483;90.80777036
1035.16;0.2527;90.53309568
1034.46;0.1821;64.72862682
1033.16;0.1902;115.6986123
1032.76;0.27;95.4500086
1031.49;0.2225;87.5198869
1031.04;0.2328;90.78369707
1030.9;0.27;95.21963883
1030.4;0.2238;97.58314286
1030.33;0.2238;109.1016034
1028.93;0.2538;86.53151741
1027.85;0.2997;84.89619186
1027.34;0.2186;85.55031153
1025.76;0.2238;84.580375
1025.5;0.1902;104.5681573
1024.96;0.1869;97.54090395
1024.04;0.1352;114.8375944
1023.78;0.2247;56.1535188
1023.76;0.1067;94.14944444
1023.43;0.2238;103.0504096
1023.1;0.3109;111.2120629
1022.95;0.1683;66.77460251
1020.12;0.2328;105.6017026
1019.71;0.27;103.3044147
1019.57;0.2236;85.6224053
1019.16;0.2157;74.15677419
1019.02;0.1983;122.4835354
1018.86;0.3408;99.39710526
1018.82;0.1067;94.35013129
1018.44;0.4728;189.745
1018;0.1821;67.33681077
1017.9;0.1869;101.9049869
1016.99;0.2247;143.4093899
1015.39;0.3647;83.82497589
1014.75;0.2717;67.8281332
1013.13;0.1683;98.92483163
1013.08;0.2157;83.77252174
1012.97;0.2621;118.644537
1012.89;0.4915;67.96354697
1012.44;0.2247;100.7287201
1012.26;0.1487;119.5846689
1012.14;0.1363;89.21662162
1011.43;0.3417;97.75663338
1009.96;0.3472;77.05730185
1009.79;0.429;122.8534254
1009.62;0.27;100.5083714
1008.37;0.2717;64.24988636
1007.86;0.1869;90.85380675
1006.83;0.2431;96.13115861
1006.66;0.2186;107.6923481
1006.45;0.1363;103.5016727
1005.31;0.3315;145.9962693
1005.13;0.2538;62.66843625
1004.63;0.4998;78.94301887
1004.13;0.2901;93.28803738
1004.09;0.3315;85.63320032
1003.37;0.1386;104.7342903
1003.32;0.3378;62.52940952
1003.21;0.1949;100.6989413
1002.06;0.17;64.94512031
1001.93;0.1386;105.5030476
1000.63;0.3182;126.3874163
999.55;0.2461;88.82555319
999.3;0.17;107.1944727
998.64;0.17;124.5336062
998.44;0.2238;74.02056948
998.4;0.1683;88.8260076
996.92;0.1683;82.00662324
996.88;0.2527;88.43818376
994.4;0.271;107.0353274
994.36;0.2186;49.17578947
993.9;0.2298;109.9687564
992.92;0.1949;112.8715885
992.39;0.1769;103.671345
992.02;0.2621;58.97992811
991.61;0.2717;82.19467961
990.15;0.3472;97.47862944
990.06;0.2157;82.94652695
989.55;0.1386;94.50848168
988.62;0.2717;66.09167309
988.22;0.2225;71.29678756
987.2;0.1869;87.51321739
986.85;0.2157;98.01412632
985.85;0.2043;122.7848061
985.84;0.17;116.0699172
985.41;0.17;128.2505314
984.56;0.2527;87.86885876
983.53;0.3647;80.57480392
983.34;0.2829;115.7001284
983.18;0.2043;105.712843
982.95;0.1363;115.4667464
982.07;0.2298;67.7689613
981.97;0.1683;100.5145688
980.58;0.377;96.04362903
980.49;0.1067;84.39896784
979.1;0.2225;64.13869822
978.44;0.3647;95.93078652
978.22;0.1949;102.8383057
977.86;0.2888;74.11110048
977.14;0.2328;90.01604268
977.1;0.3315;95.66058252
977.05;0.1067;84.51432143
977.03;0.2837;100.8097462
976.83;0.288;94.71799685
975.71;0.2328;94.16947368
975.58;0.1683;87.25345646
975.38;0.2186;84.72976982
974.58;0.2238;115.0430562
974.52;0.1386;106.7377231
973.26;0.2186;103.7769771
972.37;0.3315;102.0027273
972.24;0.2538;93.4805283
971.83;0.377;85.24
971.75;0.3612;100.1273341
971.61;0.1902;96.60966
971.47;0.2238;35.76643371
970.87;0.3315;115.6891897
970.8;0.1679;77.835196
969.34;0.3503;81.26007279
969.33;0.1683;99.66028947
968.87;0.1821;78.86040712
968.64;0.1683;80.48137552
968.58;0.1721;60.92156098
968.26;0.3483;91.02157051
968.04;0.2298;92.46077151
967.88;0.2238;83.03474419
967.71;0.1949;107.7884298
967.56;0.17;107.9086633
967.4;0.2829;86.05884844
965.64;0.17;104.5577107
965.26;0.2527;105.7721014
964.89;0.1949;77.50464585
964.72;0.1902;110.8406643
964.65;0.3408;122.4842155
964.26;0.2157;78.0212709
964.16;0.2225;71.35794702
963.2;0.271;106.6160274
963.09;0.2328;140.4536334
962.99;0.17;115.1542903
962.52;0.1352;91.8134716
962.18;0.2717;72.16540865
961.77;0.27;54.64296841
961.21;0.1683;77.28258555
961.05;0.3612;125.2296951
959.83;0.1721;98.04255639
958.81;0.6438;139.5435842
958.81;0.2914;43.16034321
958.18;0.2157;96.77842887
958.09;0.2527;74.51463415
957.53;0.1683;91.47159021
957.31;0.2847;84.56122083
957.31;0.3612;72.579312
956.29;0.1683;100.0801617
955.93;0.1769;83.65460455
955.82;0.2717;84.31481054
955.51;0.2328;79.9281407
955.19;0.2247;48.87778481
954.56;0.2236;94.89853801
954.53;0.1683;95.1463837
953.61;0.1902;111.9788182
953.57;0.2157;66.07803571
953.06;0.1769;154.7269697
951.42;0.2717;82.49417178
951.09;0.1821;76.03034014
950.84;0.1386;123.8107901
950.39;0.1869;86.36630137
950.31;0.17;56.25297443
950.19;0.1869;89.7930821
949.89;0.1902;104.6705607
949.61;0.1721;146.5116247
948.93;0.2247;84.10792408
948.92;0.1487;117.1897125
948.54;0.1363;96.31287671
948.15;0.1487;26.89130802
947.42;0.1679;71.27317191
947.22;0.1363;82.33617193
946.99;0.4437;124.5762777
946.5;0.2225;74.22035088
946.42;0.4728;91.38454829
946.02;0.1683;101.9756522
945.95;0.2997;84.41218947
945.5;0.1487;22.92072345
945.43;0.1487;147.3288149
944.15;0.2157;55.2464275
942.68;0.2225;68.01919662
941.36;0.2238;64.84159822
940.85;0.2511;108.0182334
940.65;0.2186;86.26956316
940.11;0.4482;97.81501362
940.09;0.2538;76.22287905
939.01;0.3315;94.72571429
937.7;0.2238;80.87896286
936.76;0.2922;111.0562118
935.62;0.1683;94.35960199
935.45;0.2236;85.2681749
934.34;0.17;118.3561857
933.99;0.2157;79.15053299
933.27;0.2225;93.71418045
933.18;0.1721;100.9159677
933.16;0.1949;90.68854518
932.62;0.2157;73.75118393
932.59;0.1386;112.6326569
932.19;0.2043;118.9752432
930.23;0.2157;91.3959619
930.23;0.1902;111.2317834
929.43;0.1352;110.5787689
928.36;0.1869;94.57252362
928.18;0.2238;63.79246523
928.08;0.2247;107.3523438
927.56;0.1821;71.64106703
927.49;0.27;87.26801909
927.36;0.3647;89.11874552
925.07;0.2247;87.09870237
924.89;0.2157;150.4232323
924.67;0.2236;117.5638112
924.39;0.1679;82.29614035
923.56;0.3315;87.30541772
921.99;0.2247;112.7157883
921.81;0.2186;122.3436403
921.11;0.2431;112.9780822
921.05;0.1067;109.6048841
920.85;0.2186;93.07970696
919.81;0.1821;81.54471278
919.7;0.1683;80.0363024
919.43;0.17;105.2880478
919.18;0.1902;103.435
919.12;0.2717;73.25378223
919.12;0.429;123.5558357
918.93;0.1821;81.93438776
918.28;0.3753;90.36445946
916.44;0.288;90.93866841
916.01;0.1821;74.3211245
913.5;0.4189;97.252875
913.39;0.1683;78.87285714
913.19;0.2527;82.14358824
913.08;0.17;99.35523329
912.41;0.2538;83.99239804
912;0.3315;128.4547166
911.47;0.2538;74.25314642
911.06;0.2247;67.90680412
910.99;0.1487;101.3289894
910.55;0.1067;71.53196721
910.14;0.3612;109.5786494
909.77;0.27;105.3083307
909.51;0.2328;104.1542976
909.38;0.2186;68.47469657
909.03;0.1363;71.10760504
908.54;0.2538;166.2131299
907.18;0.2186;95.12952984
907.06;0.1983;90.49250276
906.99;0.1386;83.28662519
906.47;0.1869;91.27835841
906.3;0.1869;95.33148206
905.66;0.1869;103.0433249
905.58;0.429;71.77394872
905.18;0.17;87.04047718
905.06;0.17;98.75549419
904.96;0.1683;83.41230216
904.84;0.3753;91.42403178
904.08;0.1949;87.94480537
903.56;0.1363;91.87821288
903.17;0.1487;122.9807767
902.95;0.3201;101.7067134
902.44;0.2186;79.39701149
902.42;0.2247;93.66114014
902.09;0.2157;70.54264529
901.98;0.2157;88.62362245
901.38;0.2511;59.47598456
901.36;0.1067;117.9110299
901.28;0.1386;79.9895092
901.16;0.1683;89.62099037
900.47;0.2837;62.17788039
900.16;0.1067;117.2840219
900.16;0.2829;86.40690707
900.09;0.2527;52.53290795
898.61;0.2247;90.15405882
896.94;0.1902;102.3011206
896.43;0.2157;79.85092088
895.94;0.27;93.80751244
895.86;0.3757;93.3715516
894.47;0.2922;110.3920313
894.33;0.1949;82.66653414
893.5;0.2717;47.70443396
892.43;0.2717;82.52172211
891.86;0.1067;111.4562391
890.72;0.1067;99.37601064
890.65;0.2225;85.1971261
889.83;0.1949;114.6816503
889.04;0.17;116.9838682
888.91;0.2186;72.96964591
888.83;0.2186;78.10335735
888.38;0.1869;101.6785655
887.54;0.2157;91.07515973
887.48;0.1363;102.6352709
887.2;0.1721;100.2373859
886.86;0.1902;100.1594918
886.47;0.1386;80.53335383
886.39;0.2225;106.2879415
886.2;0.1386;95.68043406
885.43;0.1363;37.47797317
885.37;0.2247;102.6019945
883.84;0.3378;82.93479371
883.81;0.2717;68.59448276
883.52;0.3315;84.70688039
883.46;0.1363;16.14611987
883.12;0.1949;83.48143054
882.89;0.1067;44.88697416
882.29;0.1386;94.49178112
881.93;0.1067;91.19640857
881.76;0.5719;147.309596
881.2;0.1949;106.7402642
881.13;0.2621;51.1633122
880.57;0.2157;72.43115336
879.67;0.2236;70.13897906
879.41;0.27;85.56324948
876.95;0.1067;99.20058455
876.73;0.1386;79.34873096
875.51;0.3483;90.13390743
874.65;0.4482;64.09391941
874.1;0.3503;105.4151789
872.92;0.5942;137.67
872.86;0.2238;59.62848085
871.11;0.271;93.90606159
869.46;0.2717;67.01125485
868.71;0.1363;97.98045234
868.7;0.2157;74.63350575
867.62;0.1363;91.50687561
867.51;0.1067;59.62547227
866.8;0.1363;95.02329555
866.58;0.1487;110.9058057
866.5;0.2717;67.07145299
866.21;0.3503;20.34493631
864.78;0.2236;72.01097931
864.25;0.2186;86.48162637
864.09;0.1363;46.87277325
863.45;0.271;101.9030369
863.09;0.2328;93.86895105
862.46;0.2043;85.85969064
862.16;0.1949;106.3659016
861.58;0.2157;88.46492091
861.05;0.2157;88.47137881
860.91;0.1487;73.95298592
860.61;0.17;115.142844
860.32;0.2328;99.61765258
859.57;0.1487;78.32697297
858.56;0.2225;53.156
858.21;0.1949;94.37893536
856.7;0.17;90.14111228
855.88;0.27;53.70710042
855.73;0.1683;82.27461033
853.59;0.1067;73.68564571
852.59;0.2914;57.10679842
852.29;0.2157;52.80498982
851.77;0.2717;100.04836
851.76;0.3315;345.0615814
851.15;0.1949;117.9893258
850.96;0.1386;103.6620613
850.62;0.2238;29.39422556
849.88;0.1487;134.3252381
847.46;0.27;79.99147514
847.43;0.2717;61.72611111
846.33;0.1902;114.4869589
846.24;0.1949;102.0194573
845.37;0.4915;130.6087122
844.99;0.1902;96.64124211
844.57;0.1949;103.99
843.86;0.1679;156.8844009
843.58;0.2717;43.27320166
843.48;0.1363;89.99884268
843.4;0.1363;78.6240678
839.54;0.1386;79.50243363
839.42;0.27;73.98833671
838.98;0.1683;65.87709402
838.39;0.17;109.0148748
837.49;0.3483;109.1739515
834.53;0.17;71.72482574
834.35;0.4915;99.03913386
834.13;0.1821;97.39454545
833.92;0.1363;81.10325645
833.88;0.2621;127.41
833.33;0.2717;42.23140449
833.22;0.1869;106.7717019
832.61;0.2328;72.94224551
831.99;0.1869;80.92256757
830.29;0.1363;88.40932353
830.22;0.3315;78.98936957
830.08;0.4915;105.7706829
829.96;0.1386;102.9167826
829.51;0.3647;79.37820896
829.42;0.2527;57.56571046
829.38;0.1721;72.52693614
829.1;0.2328;95.01242948
828.93;0.5106;131.52
828.84;0.5054;135.0206686
828.05;0.2837;59.50461806
827.85;0.3378;91.91100946
827.56;0.3378;91.36735739
827.53;0.17;108.9940385
826.95;0.1902;101.6470758
826.46;0.2225;68.81498615
826.36;0.1363;83.845311
826.2;0.1721;104.8363946
826.07;0.3408;20.57340704
825.84;0.2043;77.89112903
825.75;0.1949;55.75887801
825.72;0.1363;106.3150416
825.31;0.2186;54.40820799
825.23;0.1683;100.7873953
823.54;0.4915;74.83708266
823.38;0.3378;121.0286842
823.28;0.27;82.57379665
823.15;0.3612;103.5573939
822.8;0.2328;96.22235294
822.72;0.2511;49.97780476
822.56;0.3315;54.30669776
820.74;0.2717;6.386055777
819.99;0.2298;57.95821053
819.6;0.2538;45.30623967
819.23;0.17;101.6207531
818.89;0.1487;84.1083054
818.86;0.2717;76.93076923
818.54;0.271;100.6763424
817.81;0.17;119.6322835
817.66;0.1683;92.35339875
816.6;0.2157;58.49084986
815.85;0.3612;95.3018711
814.52;0.2328;93.62758696
813.94;0.2837;59.69096618
813.16;0.2247;91.07180617
812.96;0.1902;96.6801122
812.36;0.1811;74.45922925
810.95;0.1363;90.2794165
810.94;0.3757;160.9656591
810.14;0.1363;76.6926
809.66;0.1386;86.83116761
808.55;0.2238;63.66667832
807.75;0.3694;208.3680374
806.77;0.2527;50.67775792
806.11;0.2225;106.2515648
805.13;0.1067;68.53522857
803.81;0.1869;106.7211486
802.8;0.17;109.5762153
801.94;0.1386;72.31428331
801.45;0.2157;90.14564827
799.06;0.2717;71.33795432
797.41;0.2328;151.7754266
797.38;0.1363;99.70337376
796.95;0.4189;127.4019506
796.78;0.7931;134.6694693
796.53;0.17;93.99983432
795.96;0.2717;35.4340589
795.39;0.2717;65.1286087
793.27;0.3753;86.16182163
793.22;0.4157;88.27766513
792.91;0.6285;151.7973632
791.98;0.2328;96.40843168
791.23;0.3472;106.3140098
791.08;0.5296;247.2283103
790.06;0.1487;54.50427313
789.18;0.1683;51.09859649
788.69;0.2157;77.88389381
788.55;0.3472;71.24
787.76;0.2328;79.51034816
786.8;0.1869;83.97643333
786.22;0.2186;154.190613
786;0.2829;76.00115843
785.49;0.1386;87.02095154
785.45;0.2538;68.07577413
784.33;0.2538;64.98573939
784.24;0.3045;70.73130802
783.23;0.2238;56.10141636
782.09;0.1067;8.460010127
781.41;0.1721;68.586
781.33;0.2157;116.9329496
779.98;0.1363;69.38129851
779.66;0.1902;92.04735412
779.52;0.2328;79.5234749
778.95;0.1902;72.47040284
778.68;0.1869;94.54499502
777.63;0.1983;82.25680158
777.38;0.2186;92.04283262
777.2;0.2511;122.5225279
774.81;0.3472;75.0080895
774.74;0.1949;60.42663348
773.58;0.2247;73.46538071
773.04;0.1352;79.47200438
773;0.288;109.3300896
771.71;0.1363;10.70707692
765.83;0.1067;66.61419664
765.8;0.1386;91.1827409
763.38;0.1487;87.57346812
763.23;0.2225;102.4821229
763.17;0.1902;94.0033461
761.24;0.1487;103.5146105
760.86;0.4345;179.5825651
760.84;0.1869;67.58515327
759.01;0.1949;92.71180974
758.68;0.1683;71.17075812
758.41;0.2043;104.2645413
757.81;0.1386;100.1569957
755.74;0.2238;35.07411311
755.46;0.5296;17.80341798
753.63;0.2186;97.42345479
751.31;0.1386;90.43924495
746.59;0.1902;61.97772549
746.54;0.2247;105.2446959
746.24;0.1067;116.6094025
745.39;0.1811;118.2118837
745.32;0.17;84.88743405
744.13;0.17;77.43221339
742.36;0.27;156.5205473
741.98;0.3904;69.14563218
741.78;0.2857;67.52142857
741.17;0.2247;97.93535615
740.86;0.17;135.2795349
740.71;0.3735;112.8338765
738.96;0.27;66.10865269
737.9;0.2043;115.7657688
736;0.17;107.6932463
732.72;0.2328;111.5805993
732.66;0.5719;148.6764541
731.91;0.1683;83.78739521
730.46;0.1067;38.12989664
730.23;0.1487;89.10849438
730.08;0.27;153.757439
729.96;0.1769;82.55392477
729.22;0.3904;75.74461957
727.09;0.1721;11.51433526
725.25;0.1821;51.47586813
725.2;0.1869;107.8684722
724.72;0.2328;89.07552795
722.55;0.3617;118.0999458
721.52;0.1487;9.840692384
721.24;0.2247;89.12309811
721.23;0.1869;92.44629672
720.89;0.1363;88.70915459
718.4;0.17;9.391050767
717.95;0.2247;136.7900519
717.86;0.5296;116.184235
716.92;0.17;76.26154248
716.34;0.2621;71.81112236
716.07;0.2186;136.746534
716.05;0.3483;114.8915344
714.1;0.2298;91.16790816
711.25;0.1067;88.25083333
711;0.1487;65.88602374
709.58;0.2186;84.66355045
709.44;0.17;108.4271463
709.3;0.4915;130.0415567
708.92;0.6948;170.2829412
708.43;0.1869;72.05149826
708.3;0.2717;81.56855967
707.79;0.1902;66.34048299
706.57;0.17;26.22603252
705.27;0.4064;64.48862099
703.4;0.1721;82.06370984
701.31;0.17;72.37943249
697.33;0.1352;79.26485082
697.12;0.3684;104.3081007
696.02;0.2717;17.03310034
691.62;0.17;104.6600224
685.97;0.2997;206.7492575
685.17;0.1386;114.6227187
684.39;0.1067;83.06662879
684.2;0.2247;79.98608
681.92;0.2225;106.3658458
681.34;0.2847;67.03171739
678.8;0.271;118.4870015
678.27;0.3408;117.7108159
667.12;0.1067;79.36315517
666.89;0.2511;274.2468468
662.88;0.2527;90.57790584
660.78;0.3617;114.3396986
656.83;0.2225;36.55797639
653.52;0.4915;181.7289313
647.26;0.1721;89.67885246
642.64;0.3757;153.8581644
637.96;0.1386;94.53951389
632.28;0.2225;39.42654723
628.89;0.4915;97.57263658
628.42;0.1683;75.42122324
628;0.1067;1.455051362
625.3;0.17;68.96137457
623.6;0.7201;280.9166814
622.81;0.1902;102.0514356
622.44;0.572;162.8198525
622.33;0.2717;62.8681153
621.48;0.2717;84.42997064
620.34;0.1067;76.55003408
619.88;0.6625;123.4568072
619.79;0.5054;105.6140755
618.27;0.2247;72.06498186
618.14;0.6948;171.1027483
614.92;0.1487;55.27160544
613.88;0.1902;58.05659468
613.22;0.2511;27.46088889
605.82;0.2238;44.66667377
605.48;0.3684;133.0147746
605.47;0.3045;134.8889777
603.63;0.2922;104.7976344
601.1;0.1683;54.54286579
598.67;0.4437;134.1410057
591.99;0.2247;65.29338614
591.41;0.2157;52.75701754
591.32;0.2717;80.37704607
584.22;0.1949;126.6707551
568.72;0.27;113.9144491
568.46;0.3647;176.0217007
566.96;0.3045;143.0994599
563.49;0.4915;78.93840442
563.46;0.2157;103.1321652
561.9;0.288;137.9229042
555.06;0.2621;117.4230044
554.52;0.1949;100.515257
552.61;0.2328;52.00197151
551.56;0.4728;147.8870414
549.47;0.2837;122.647619
542.33;0.1821;100.9346845
542.06;0.1487;45.79297872
537.85;0.27;99.7752988
537.17;0.2914;110.690984
533.16;0.3408;126.5936205
531.77;0.4189;127.0686584
531.09;0.2247;39.81404908
528.94;0.1487;75.9912766
526.85;0.1721;88.502
524.55;0.2328;63.75603358
523.89;0.2247;37.11767025
516.9;0.6625;161.6850801
508.58;0.2328;131.3625287
508.1;0.3201;126.8069719
501.55;0.6625;197.4211916
497.28;0.3503;266.208125
495.73;0.2328;151.224534
493.49;0.5567;181.1638182
492.64;0.3684;122.2598948
488.55;0.2717;86.09808279
488.16;0.2157;62.64356671
487.5;0.3045;86.95122337
487.14;0.6625;145.643252
476.54;0.3757;139.9893222
472.93;0.5874;133.777689
471.77;0.2043;96.0096
469.97;0.2328;117.3670461
469.04;0.4819;113.0953953
468;0.2238;70.98906568
462.39;0.2621;97.90081136
456.23;0.3045;141.0784885
454.56;0.1363;122.7058144
448.6;0.5567;272.0370149
446.95;0.1721;131.1889391
442.16;0.2247;88.22158648
442.13;0.3315;86.36392262
441.17;0.5942;108.3339122
439.69;0.2247;108.3510519
435.23;0.4189;92.37714286
434.92;0.5719;158.365755
434.75;0.1363;118.0846997
431.44;0.2621;123.5183267
428.17;0.2328;125.0698054
426.72;0.429;122.2996287
425.12;0.8666;155.7038177
424.85;0.6438;138.9971316
424.35;0.1949;97.82940382
421.73;0.3612;111.719273
416.41;0.2621;110.6418251
416.32;0.2997;96.21025445
414.61;0.4482;90.08150845
414.37;0.1067;48.41096904
412.75;0.4671;146.7508897
410.85;0.4482;145.2452535
409.12;0.2298;54.36245375
408.45;0.3735;126.5821128
407.2;0.2621;95.0020372
406.97;0.1386;111.6183539
404.58;0.2511;13.81062112
402.33;0.2527;72.46299087
401;0.2186;90.37248555
400.26;0.6285;170.6971217
398.38;0.3617;114.0701801
398.34;0.3757;151.6239166
392.89;0.2157;80.97678571
390.5;0.6625;162.8487624
383.29;0.2922;132.3272521
381.98;0.1902;94.17279141
380.17;0.3735;116.391453
378.54;0.2157;86.99936306
376.15;0.4482;1.89223458
376.14;0.3201;102.9739192
373.69;0.2997;123.803168
372.92;0.1679;131.1736517
369.62;0.3472;106.1543162
368.47;0.7176;141.8851732
367.64;0.3612;93.40176471
367.48;0.1983;76.61650099
367.34;0.2717;69.93793388
365.97;0.6625;117.8393347
365.73;0.4437;147.5476841
365.32;0.2247;136.2275964
365.08;0.3251;80.20803681
365.04;0.2914;54.22015351
364.83;0.1363;82.94753715
362.47;0.2717;83.12697972
359.02;0.1721;119.6361282
357.98;0.2841;125.4876557
357.37;0.2186;115.330719
354.92;0.1487;68.43849607
352.14;0.1386;44.49030019
349.61;0.1386;107.6187088
348.13;0.2538;89.91480154
344.96;0.6284;130.3618933
344.81;0.2837;88.59024775
344.42;0.429;92.63414141
343.04;0.2922;135.241088
342.37;0.1949;115.4408015
341.08;0.1869;137.9739067
340.75;0.2857;129.8476367
338.96;0.5874;111.6077837
333.37;0.2328;74.14213018
328.11;0.5567;116.9277521
327.71;0.2922;130.138087
326.84;0.17;121.9373577
322.63;0.4671;116.3437317
322.34;0.1487;115.8823589
319.59;0.3408;107.6806547
316.66;0.4064;91.84074074
315.04;0.1363;66.18544922
314.87;0.271;101.2148025
314.43;0.429;124.0330313
311.91;0.1902;20.75643836
308.06;0.3417;112.037032
307.18;0.3315;71.01998513
305.12;0.2225;47.43051584
304.39;0.3408;99.91621477
304.12;0.2247;131.4771875
298.7;0.4345;97.70003431
297.77;0.2157;77.62578512
297.58;0.1721;98.90666667
297.45;0.2829;108.2782394
296.75;0.3757;108.199378
296.46;0.2157;81.59534791
293.5;0.1487;128.0392651
292.83;0.2157;58.72645933
290.94;0.2538;86.82639419
290.37;0.3617;108.5665744
289.48;0.3684;106.221227
288.17;0.3757;123.7267913
288.03;0.1386;82.4063253
286.58;0.6625;132.059232
284.08;0.5942;446.9014054
283.37;0.4819;144.8051408
282.53;0.6948;106.7804911
280.49;0.2298;68.44066929
279.7;0.2717;45.32497472
279;0.6625;156.7909051
276.14;0.4157;118.0207525
271.28;0.2328;110.8129067
271.18;0.3953;115.0424262
271.07;0.1821;80.80647588
271;0.3408;111.1323704
267.58;0.5567;144.1042523
263.34;0.6625;136.5330087
261.08;0.2621;120.4434043
260.08;0.3483;86.43945768
256.24;0.2847;86.38313167
255.24;0.1821;107.1969259
252.42;0.5224;174.4113613
251.53;0.17;103.1129915
248.97;0.1352;87.57413063
248.06;0.2829;75.93193076
245.84;0.2431;104.4435424
245.2;0.5877;81.13462545
242.64;0.2225;98.47718166
239.78;0.5877;75.34556634
239.36;0.3694;119.2079319
239.34;0.2328;161.9552189
238.17;0.2717;87.48102381
236.89;0.2922;132.2530774
236.41;0.2298;62.29981873
233.64;0.1386;58.13060816
231.97;0.4671;172.5213421
231.23;0.1487;76.1169378
229.51;0.3315;80.21115899
229.33;0.3617;113.3584071
227.25;0.2236;86.19962085
226.79;0.3612;58.59348276
226.3;0.5224;268.2254361
225.97;0.2186;129.7830357
224.92;0.4189;135.9239676
220.47;0.3417;114.60067
217.85;0.4189;108.8300388
217.62;0.2157;89.82389313
216.98;0.4345;99.39525641
214.64;0.4671;114.8089747
210.36;0.1352;116.0823114
210.16;0.3483;40.82938272
208.7;0.3757;128.4325266
207.89;0.27;84.57501427
207.48;0.17;119.538837
204.61;0.3472;126.3821215
204.42;0.2431;94.94910732
204.36;0.2922;120.075568
196.89;0.3045;143.1525455
194.29;0.1386;97.13056543
185.13;0.2157;33.20385387
184.26;0.2225;81.32905767
183.35;0.2157;75.61490234
183.32;0.5877;114.0266892
182.25;0.2298;99.4072
179.57;0.2236;89.41827957
179.48;0.6948;367.7131455
178.44;0.271;144.8414845
177.48;0.2328;102.4805289
175.96;0.2225;73.30802803
175.76;0.2997;93.10408163
175.52;0.2225;81.07467824
175.39;0.2538;78.61025316
174.52;0.2621;75.15664656
173.21;0.2829;79.11802131
172.37;0.2901;104.3558608
169.91;0.2328;101.4839934
169.06;0.2225;78.7467387
167.83;0.2841;132.9928143
167.13;0.3483;122.0237134
166.45;0.3757;162.1384127
164.14;0.17;106.5325366
163.86;0.1902;102.2051913
162.8;0.1769;95.62169898
161.55;0.3483;104.7880864
159.39;0.2247;72.82850633
158.51;0.5567;125.2439486
157.98;0.2922;127.5355124
157.09;0.5224;108.0971939
156.96;0.271;86.20326306
156.11;0.4728;139.2778313
155.26;0.1769;102.7059957
154.93;0.429;83.88252511
154.38;0.5054;107.2356452
153.32;0.3417;125.6704695
153.12;0.3417;125.3219706
152.81;0.3251;72.47211039
152.36;0.2247;99.70451115
150.05;0.3109;107.3349333
149.39;0.2225;103.4663958
148.82;0.2461;117.692033
148.3;0.1902;94.82683333
148.03;0.2901;94.50462963
147.79;0.3408;122.5667102
146.1;0.2621;109.3536124
145.88;0.4915;83.24916239
144.9;0.2837;107.9647602
142.37;0.2225;77.86739762
138.84;0.2157;97.87969858
138.37;0.1949;109.8298355
137.34;0.1386;100.8485832
136.41;0.3483;89.17210339
136;0.2538;79.35564019
133.91;0.1386;100.19023
133.4;0.1721;100.4246053
133.23;0.2829;92.43348485
132.77;0.1869;242.0146939
131.66;0.2225;64.73103841
131.23;0.3953;27.56634593
130.83;0.2922;123.9163239
129.45;0.5942;97.6640381
129.3;0.2043;88.3550436
129.24;0.4819;118.8602831
128.75;0.2922;119.7069557
128.67;0.2328;118.8381117
127.78;0.4064;77.88032689
127.27;0.2157;97.75888738
123.72;0.2621;110.7182413
123.49;0.5567;166.8120463
120.14;0.2837;107.3040316
118.56;0.1721;72.84441795
118.37;0.3472;104.1634921
116.73;0.2857;112.7341096
116.09;0.1902;83.34492857
115.89;0.1386;110.5984198
115.53;0.8666;169.9696262
114.4;0.2901;88.12507614
114.33;0.2841;130.0940816
113.61;0.2236;97.02434483
113.38;0.3953;114.4665053
113.3;0.4437;127.7610727
112.97;0.2238;103.6422564
110.39;0.3315;108.3230871
108.42;0.1683;112.6955936
108.13;0.2538;34.25
107.23;0.17;82.59942779
105.78;0.2298;89.09558669
105.61;0.2461;89.68039161
104.79;0.4671;104.4258174
102.47;0.2157;76.82069632
96.2;0.1902;90.93635258
96.05;0.1363;111.1919222
95.5;0.1721;99.66449184
93.5;0.4819;101.9789447
92.46;0.2914;37.73232218
90.17;0.1363;58.6452454
90.03;0.2186;99.32944805
89.87;0.2157;62.74373969
89.01;0.4157;114.952402
88.15;0.2236;104.5911312
86.28;0.5567;79.68499438
85.31;0.36;114.058754
85.07;0.1386;109.2988132
80.84;0.2157;78.08759227
79.59;0.1983;75.25816689
77.46;0.3483;94.22698824
77.27;0.2186;90.16419087
76.68;0.6285;142.4332713
75.9;0.6285;135.0392661
73.83;0.5567;182.417921
72.35;0.4728;117.1591961
70.3;0.271;136.3725535
68.83;0.1902;105.0456134
68.41;0.2236;99.80723295
67.8;0.2298;37.49506912
65.08;0.5567;162.151921
63.64;0.2837;98.57307471
61.23;0.1683;88.44566866
60.51;0.1902;121.5628242
59.68;0.2829;118.3169033
58.58;0.3647;83.75536114
57.44;0.2901;90.4283792
56.56;0.1902;87.44437346
55.86;0.1683;94.70419244
54.63;0.3182;149.8109574
54.18;0.3472;113.5907718
52.34;0.2157;64.3586806
51.57;0.2841;116.4818605
51.28;0.2901;78.98888583
50.09;0.5296;164.045752
50.05;0.4819;109.9475616
49.7;0.3315;105.3702913
48.64;0.1721;92.26530612
46.05;0.4189;134.3952698
42.03;0.1949;121.2698188
40.19;0.2847;102.4650885
39.92;0.1949;80.56447087
38.2;0.2837;107.4354443
37.41;0.5224;149.0765073
35.13;0.1683;95.28393472
34.72;0.2922;118.0358788
34.43;0.5567;90.84200442
32.73;0.1949;102.6819006
31.19;0.2043;89.48439024
30.41;0.2461;75.96351387
30.1;0.5567;189.8298095
29.07;0.3315;56.5661213
28.14;0.2837;110.4182318
27.48;0.5567;78.21139241
24.67;0.2157;74.67335366
20.61;0.1386;92.56259958
19.22;0.7931;86.45281853
18.41;0.2527;89.47645914
18.17;0.1683;92.10811146
17.51;0.6625;92.25005566
15.92;0.2621;144.9873585
14.43;0.4437;118.8322977
11.86;0.2298;36.30420809
9.7;0.2225;60.27718397
9.57;0.2298;10.55395566
8.99;0.1811;112.19
8.32;0.3315;52.77024142
5.98;0.3953;84.66451356
4.02;0.2247;52.34980769
0;0.6285;99.71217391
0;0.4915;132.0073518
0;0.2043;228.6940127
0;0.1067;81.54808587
0;0.1067;39.70924242
